RLOI_ID,Lat,Lon,E,N
6074,52.09316539,0.292504244,557146,246348
6189,52.06173729,0.194272003,550523,242645
6190,52.13446903,0.141776807,546686,250626
6192,52.21284322,0.12086534,545000,259300
6194,52.13121316,0.205224192,551039,250394
6195,52.14197212,0.147997396,547087,251473
6196,52.11897881,-0.054467757,533302,248525
6197,52.17505599,0.019613387,538200,254900
6198,52.26878325,0.20854314,550800,265700
6199,52.15154611,0.067138671,541524,252377
6246,52.19723459,0.08751995,542772,257498
6247,52.42589007,0.720780179,585090,284360
6250,52.4921344,0.938892576,599617,292307
6253,52.33218876,0.438270871,566236,273254
6255,52.27213408,0.70663033,584768,267226
6265,52.4323965,0.877018301,595682,285495
6267,52.30691722,0.351092432,560388,270247
6270,52.39018132,0.871566158,595498,280786
6272,52.2421665,0.240530623,553074,262807
6273,52.41269038,0.762188159,587961,282999
6275,52.45044987,0.982407219,602762,287793
6277,52.69422615,0.419360382,563598,313473
6279,52.32642436,0.578408982,575806,272944
6281,52.10181598,-0.017382719,535893,246685
6009,52.79538925,0.364183159,559500,324600
6248,52.79873779,0.490552035,568006,325260
6268,52.90831516,0.504435199,568517,337479
6245,52.51883463,0.25201901,552900,293600
6252,52.39784809,0.093684005,542548,279821
6075,52.42812067,-0.35420654,512000,282400
6076,52.02675801,-0.266947591,519000,237900
6077,52.04042897,-0.335808847,514241,239310
6078,52.27627817,-0.223839101,521278,265722
6150,52.33060286,-0.227974473,520848,271757
6151,52.13179076,-0.962056094,471144,248673
6152,51.90769382,-0.66855258,491690,224077
6153,52.31426503,-0.444989098,506100,269600
6154,51.98125454,-0.715734397,488300,232200
6155,52.25395891,-0.309383247,515500,263100
6156,51.92421354,-0.634237994,494016,225958
6157,52.13592542,-0.996208105,468800,249100
6158,52.03181499,-1.132648186,459600,237400
6159,52.01149216,-0.930906857,473473,235324
6160,52.24915485,-0.485353735,503500,262300
6161,52.37700953,-0.269427989,517900,276850
6162,52.08783296,-0.717099664,487997,244052
6163,52.07305089,-0.805155039,481991,242305
6164,52.05845896,-0.704770095,488900,240800
6165,52.05869413,-0.714754758,488215,240814
6166,52.14750661,-0.708034116,488500,250700
6167,52.1601149,-0.630186899,493800,252200
6168,52.21994228,-0.521481809,501100,259000
6169,52.13374007,-0.460049224,505500,249500
6170,52.12832452,-0.424443323,507950,248950
6171,52.14560388,-0.405564856,509200,250900
6172,52.16620228,-0.309304541,515733,253340
6173,52.21309759,-0.281660451,517500,258600
6174,52.24295524,-0.263662989,518650,261950
6175,52.31851492,-0.176341524,524400,270500
6176,52.33068192,-0.120804603,528150,271950
6177,52.32362634,-0.101293496,529500,271200
6178,52.31732289,-0.072952711,531450,270550
6179,52.33574593,0.008578935,536950,272750
6180,52.35413619,0.037313385,538850,274850
6181,52.14436558,-0.316459884,515300,250900
6182,52.08511875,-0.267913141,518779,244389
6183,51.99805869,-0.992010932,469300,233770
6184,52.13347367,-1.025483444,466800,248800
6185,52.05372157,-0.855126043,478600,240100
6186,52.32088714,-0.002277491,536256,271077
6015,52.57195543,1.738426636,653419,303692
6083,52.35919488,1.182272265,616787,278226
6088,52.37142721,1.099736638,611110,279342
6094,52.8308874,1.126251736,610698,330509
6095,52.61202036,1.017123071,604369,305857
6096,52.66941022,0.995648412,602650,312178
6097,52.68112788,0.893642423,595702,313199
6098,52.82736911,0.847415491,591934,329337
6099,52.81931353,1.251659786,619202,329597
6125,52.72549316,0.990176519,602021,318399
6202,52.6263256,1.699902515,650499,309602
6203,52.64919507,1.567612601,641423,311693
6204,52.46457956,1.564226115,642209,291156
6205,52.61227531,1.434404359,632611,307150
6206,52.57820023,1.650235612,647410,304080
6207,52.48200368,1.67053016,649329,293455
6208,52.57650065,1.516022823,638329,303439
6209,52.53083197,1.622836559,645819,298720
6210,52.74593049,1.570226392,641066,322457
6211,52.69991788,1.426763349,631630,316870
6212,52.47491171,1.710403371,652076,292805
6213,52.55932248,1.570034473,642082,301709
6214,52.59038381,1.436884857,632895,304724
6215,52.6783375,1.487889247,635875,314669
6216,52.73529065,1.480451319,635066,320977
6217,52.70167915,1.571111119,641370,317540
6084,52.16718349,1.051462981,608782,256492
6085,52.18860702,1.451210812,635999,260100
6086,52.1812518,1.0083308,605768,257933
6087,52.2320235,1.183606104,617500,264090
6089,52.23073117,1.34403469,628459,264440
6090,52.31864569,1.425047223,633527,274473
6091,52.19277108,0.889360324,597585,258883
6092,52.21785822,1.492096269,638636,263486
6003,51.85248169,0.963264478,604179,221250
6004,51.78482962,1.156989955,617844,214289
6079,52.13546059,0.794482019,591347,252256
6080,52.02844532,0.858396638,596189,240527
6081,52.00394352,0.890961623,598531,237891
6082,52.04765984,0.950815882,602441,242917
6126,51.98747529,0.752205192,589078,235690
6127,51.61221541,0.523363105,574812,193392
6128,51.97220204,0.774537494,590676,234050
6129,51.59358209,0.429589515,568389,191100
6130,51.93895568,0.502974847,572153,229676
6131,52.0771002,0.491622537,570846,245011
6132,52.06906285,0.474029461,569671,244076
6133,52.04907276,0.461985798,568921,241825
6134,52.08527321,0.665889829,582753,246344
6135,52.09308736,0.693205781,584592,247282
6136,52.08030146,0.724401393,586782,245940
6137,51.97175609,0.940319408,602063,234448
6138,51.9717647,0.940334534,602064,234449
6139,51.93571572,0.697210854,585516,229793
6140,51.89895689,0.851023678,596248,226109
6141,51.95518158,0.426840142,566860,231303
6142,51.88835825,0.60379953,579284,224293
6143,51.81041449,0.674703867,584481,215803
6144,51.80192941,0.634687532,581757,214759
6145,51.88494572,0.365159105,562876,223353
6146,51.84731927,0.4230651,567000,219300
6147,51.73662752,0.479434923,571301,207122
6148,51.72746779,0.441021119,568683,206014
6149,51.73778179,0.446255626,569006,207173
6188,51.72046258,0.539826754,575533,205468
6200,51.64488467,0.396498044,565910,196729
6201,51.64818714,0.346091007,562411,196983
6013,52.95829102,0.8495666,591501,343902
6093,52.88425804,0.77091446,586537,335462
6100,52.8915581,0.874594454,593479,336548
6012,53.67727998,-0.525439654,497500,421100
6016,53.55008022,-0.501985747,499347,406982
6017,53.37107156,0.008647682,533736,387903
6233,53.49618589,-0.112626629,525300,401600
6238,53.38886167,-0.330916338,511100,389300
6239,53.40663609,-0.449066702,503200,391100
6241,53.46089648,-0.474203005,501400,397100
6242,53.68970351,-0.441711527,503000,422600
6243,53.54666861,-0.159663086,522035,407134
6244,53.57458871,-0.108260127,525358,410329
6014,52.80824167,0.210566194,549100,325700
6101,52.24092541,-1.083177864,462700,260700
6102,52.24480995,-0.905872882,474800,261300
6103,52.21274441,-0.938860417,472600,257700
6104,52.33424661,-0.683520481,489800,271500
6105,52.40828443,-0.556356497,498300,279900
6106,52.52682829,-0.428692053,506697,293266
6107,52.58435045,-0.404450621,508200,299700
6108,52.23034634,-0.897443216,475400,259700
6109,52.43909876,-0.734830076,486100,283100
6110,52.40184928,-0.544807131,499100,279200
6111,52.44298518,-0.49264806,502553,283848
6113,52.37780742,-0.720422227,487200,276300
6115,52.22917042,-0.868189,477400,259600
6116,52.24627229,-0.779869685,483400,261600
6117,52.22798582,-0.934104783,472900,259400
6118,52.27103873,-0.922813849,473600,264200
6120,52.23196971,-0.977936897,469900,259800
6121,52.56853824,-0.123194544,527300,298400
6122,52.24841898,-0.907248913,474700,261700
6123,52.22921671,-1.080490725,462900,259400
6124,52.49389475,-0.649298696,491800,289300
6218,52.3294515,-0.919928306,473700,270700
6006,52.87206274,-0.044739084,531700,332300
6018,52.79975232,-0.132538621,526000,324100
6019,52.47322657,-0.911995568,474000,286700
6020,52.65687843,-0.382590605,509500,307800
6021,52.47050296,-0.9091184,474200,286400
6022,52.8460014,-0.100854888,528000,329300
6023,52.47601738,-0.922233157,473300,287000
6024,52.58734239,-0.568193404,497100,299800
6025,52.51524235,-0.794538785,481900,291500
6026,52.82340472,-0.536700318,498700,326100
6027,52.68874967,-0.412484187,507400,311300
6028,52.6719579,-0.303645835,514800,309600
6029,52.66622565,-0.280206487,516400,309000
6030,52.65432695,-0.461040346,504200,307400
6031,52.74835452,-0.502176664,501200,317800
6032,52.53712459,-0.824902074,479800,293900
6033,52.83323137,-0.460662501,503800,327300
6034,52.61627832,-0.582020554,496100,303000
6035,52.72045589,-0.363952341,510600,314900
6036,52.75595074,-0.534516354,499000,318600
6037,52.52925742,-0.758775677,484300,293100
6038,52.54618551,-0.832033645,479300,294900
6040,52.73110325,-0.419832144,506800,316000
6002,53.29301675,0.297043928,553200,379800
6041,53.14420675,-0.140057662,524500,362400
6042,53.1430552,-0.241780549,517700,362100
6043,53.00987205,-0.116027012,526500,347500
6044,53.17622922,-0.571106776,495600,365300
6045,53.2287548,-0.528909923,498300,371200
6046,53.20844472,-0.108824423,526400,369600
6047,53.23088162,-0.555804245,496500,371400
6048,53.23645373,-0.570600405,495500,372000
6049,53.20209019,-0.553777928,496700,368200
6050,53.22987382,-0.546849304,497100,371300
6051,52.81095396,-0.623172397,492900,324600
6052,53.2756766,-0.40281926,506600,376600
6053,53.08055298,-0.614586292,492900,354600
6054,53.22171333,-0.541134105,497500,370400
6055,52.89098807,-0.625097088,492600,333500
6056,53.21375379,-0.551887581,496800,369500
6057,53.02267983,-0.746151852,484200,348000
6058,53.22666958,-0.368690009,509000,371200
6060,53.2103837,-0.117724365,525800,369800
6061,53.21235628,-0.441116651,504200,369500
6062,53.25017887,-0.313835649,512600,373900
6063,53.29691252,-0.131928576,524600,379400
6064,53.02274286,-0.379375824,508800,348500
6066,52.94939014,-0.702131683,487300,339900
6067,52.98690554,-0.680151837,488700,344100
6068,53.07046321,-0.196973557,520900,354100
6069,53.00002013,-0.427913218,505600,345900
6070,52.99886399,-0.408583192,506900,345800
6071,53.07790289,-0.274294718,515700,354800
6072,52.93914367,0.029717341,536500,339900
6073,53.21376016,-0.345218587,510600,369800
6112,53.18702235,0.09678679,540200,367600
6114,53.32990328,-0.644062039,490400,382300
6219,52.78447931,-0.626395437,492739,321651
6221,53.11364531,-0.600076061,493800,358300
6222,52.86747134,-0.333170407,512300,331300
6223,52.9221153,-0.319172145,513100,337400
6224,52.8963499,-0.340982415,511700,334500
6225,52.83607271,-0.274988931,516300,327900
6226,52.90502046,-0.255894688,517400,335600
6227,53.0813039,-0.140784771,524633,355402
6228,53.12572786,-0.052673483,530400,360500
6229,53.14449003,0.086938518,539680,362850
6230,53.00742498,-0.020739832,532900,347400
6231,53.10664262,0.013692812,534900,358500
2101,52.95456025,-1.833993435,411250,339700
2107,52.85554433,-1.648734504,423750,328730
2113,53.05346689,-1.79303493,413970,350710
2117,53.04900087,-1.879129103,408200,350200
2119,53.05587478,-1.782281235,414690,350980
2126,53.01389836,-1.738969094,417610,346320
2127,53.06434035,-2.026819818,398300,351900
2133,52.90251361,-1.834935455,411200,333910
2149,52.95359666,-1.989539503,400800,339580
2150,52.87715116,-1.759135558,416308,331103
2153,52.97634825,-1.860567234,409460,342120
2154,53.12011062,-2.012809485,399240,358104
2099,52.80527231,-2.011083149,399350,323080
2104,52.75692998,-1.80540628,413230,317720
2105,52.79151263,-2.038513318,397500,321550
2116,53.01757912,-2.162141074,389220,346710
2122,52.83975415,-2.174095579,388370,326930
2123,52.72781444,-2.117676581,392150,314470
2137,52.91625685,-2.171874498,388540,335440
2098,52.52039867,-1.751185507,416980,291420
2108,52.78065709,-1.647113493,423900,320400
2112,52.62790634,-1.613033239,426290,303420
2115,52.46011292,-1.897228201,407080,284690
2129,52.48421712,-1.731951761,418300,287400
2131,52.63129837,-1.69751578,420570,303770
2134,52.54112556,-1.695628821,420740,293740
2135,52.56021393,-1.983435559,401220,295820
2140,52.52494192,-1.911521697,406100,291900
2143,52.49624708,-1.688426444,421250,288750
2151,52.37616188,-1.814441409,412729,275363
2157,52.39767643,-1.853811943,410044,277750
2006,52.15374233,-1.69725229,420810,250650
2029,52.19769473,-1.602585984,427260,255570
2042,52.39514651,-1.17316039,456360,277780
2043,52.38548868,-1.262527196,450290,276640
2044,52.28494021,-1.562665645,429930,265290
2045,52.06227108,-1.622021262,426010,240500
2046,52.19160231,-1.701237725,420520,254860
2047,52.27410017,-1.889597163,407630,264000
2048,52.24754081,-1.794003127,414161,261060
2052,52.18040626,-1.875057533,408640,253580
2079,52.31352165,-1.314918575,446800,268600
2080,52.26098156,-1.408033803,440500,262700
2083,52.2969483,-1.777380649,415279,266559
2184,52.31621661,-1.431473398,438852,268831
2032,52.51274867,-2.205952371,386120,290560
2037,52.45800605,-2.140354038,390560,284460
2076,52.46289218,-2.061434844,395923,284996
2091,52.58239836,-2.192199548,387074,298305
2097,53.36231577,-1.703638184,419820,385090
2103,53.12410979,-1.557936289,429680,358640
2110,53.22367623,-1.727511587,418290,369660
2118,53.21130788,-1.610945146,426080,368320
2120,53.07274206,-1.441445189,437520,352980
2124,52.9983162,-1.525398517,431950,344660
2130,52.88069513,-1.346435429,444080,331670
2138,52.92727059,-1.475449824,435360,336780
2162,53.25361173,-1.904034637,406500,372960
2106,53.39774916,-0.964963636,468920,389490
2114,53.26963164,-0.952015631,469990,375250
2121,53.30923565,-1.138201325,457520,379490
2141,53.3771779,-1.053251354,463080,387120
2146,53.16676431,-1.164243241,455970,363620
2147,53.22651332,-1.008043495,466320,370400
2148,53.23399263,-1.03214169,464700,371210
2156,53.30838226,-0.942662478,470550,379570
2100,52.86544149,-1.335375153,444840,329980
2102,52.95271777,-1.077726979,462060,339880
2109,53.13186635,-0.803660439,480140,360080
2128,53.29352224,-0.751003528,483349,378123
2144,53.59198804,-0.73818566,483616,411341
2145,53.39269845,-0.77684022,481438,389126
2152,52.84824478,-1.562078307,429590,327950
2155,53.08321079,-1.327697441,445130,354210
2159,53.0034646,-1.310011185,446400,345350
2163,53.00956725,-1.190055671,454442,346113
2164,52.9215941,-1.283498993,448270,336260
2165,52.94818637,-1.183344119,454970,339290
2168,52.76536674,-1.214333907,453110,318930
2111,52.7062357,-1.09151535,461480,312450
2125,52.70310917,-1.142490665,458040,312060
2132,52.8319079,-1.273545873,449040,326290
2136,52.57127756,-1.201280635,454230,297350
2139,52.57386531,-1.134536844,458750,297690
2142,52.75855071,-1.164074472,456510,318210
2158,52.6198012,-1.146482509,457880,302790
2160,52.55345566,-1.171958574,456240,295390
2161,52.78322964,-1.279560631,448689,320871
2003,52.7599372,-3.455159022,301900,319030
2004,52.72448392,-2.872205892,341190,314450
2009,52.5535162,-3.233562099,316460,295790
2013,52.67812186,-2.791706051,346570,309230
2017,52.43009313,-3.545758254,295000,282470
2020,52.76898575,-3.108764959,325290,319620
2025,52.79432305,-3.110299174,325230,322440
2033,52.45121807,-3.539140093,295500,284810
2034,52.51438716,-3.427283781,303240,291680
2035,52.70734547,-3.250182283,315630,312920
2036,52.70980615,-2.758087727,348880,312730
2054,52.46811304,-3.60067681,291360,286780
2060,52.70459128,-3.321738263,310790,312700
2061,52.74586587,-3.041069286,329820,316980
2062,52.67667767,-3.433752682,303160,309740
2067,52.73574888,-2.994322422,332960,315810
2068,52.67245676,-3.115784153,324650,308890
2072,52.60184127,-3.166849495,321070,301090
2089,52.66047691,-3.155695349,321930,307600
2093,52.65280303,-2.912169407,338390,306510
2094,52.73512719,-2.960688469,335230,315710
2095,52.74743927,-2.972218464,334470,317090
2096,52.77969599,-3.037873702,330090,320740
2012,51.90904047,-2.326737809,377620,223440
2019,51.74002495,-2.246876928,383050,204620
2022,52.04966849,-2.200751659,386330,239050
2031,51.94892468,-2.227072145,384490,227850
2041,52.00171656,-2.163100444,388900,233710
2051,51.85021202,-2.336618901,376910,216900
2055,51.7644995,-2.556812575,361670,207460
2059,51.79704171,-2.348113091,376090,210990
2063,51.86498876,-2.252208346,382730,218520
2070,51.9262312,-2.19758217,386510,225320
2071,51.7174433,-2.482844517,366740,202190
2074,51.69999093,-2.36024529,375200,200200
2077,51.73043794,-2.362224978,375080,203587
2078,51.96924079,-2.193579341,386798,230103
2081,52.15860956,-2.219455881,385084,251171
2085,52.01310816,-2.175322756,388064,234979
2087,51.72971595,-2.534810853,363160,203580
2166,51.92294278,-2.265009673,381872,224969
2167,51.88782437,-2.256956763,382412,221061
2170,51.88594475,-2.052679768,396471,220822
2171,51.89072108,-2.066111789,395547,221354
2172,51.88968922,-2.062303301,395809,221239
2173,51.89606853,-2.069752786,395297,221949
2174,51.91358702,-2.100891618,393157,223900
2175,51.72389263,-2.13098568,391049,202805
2176,51.72380485,-2.1996652,386305,202806
2177,51.75339189,-2.322251603,377852,206127
2179,51.84004385,-2.142121881,390305,215725
2180,51.88148573,-2.206857809,385858,220345
2181,51.84093572,-2.202244689,386163,215834
2182,51.85211677,-2.233335064,384025,217084
2183,51.83229376,-2.27015093,381481,214888
2008,52.70663805,-2.605587196,359180,312280
2011,52.72360694,-2.609820015,358910,314170
2014,52.76777964,-2.83972291,343440,319240
2027,52.78103903,-2.474819713,368070,320490
2028,52.804664,-2.52180325,364920,323140
2066,52.75426753,-2.534090961,364050,317540
2005,52.31321509,-2.591546428,359770,268510
2021,52.19897872,-2.389287971,373490,255710
2026,52.32000783,-2.523856494,364390,269230
2030,52.40600372,-2.803287507,345450,278970
2040,52.17706242,-2.288337619,380380,253240
2053,52.34478569,-3.04395053,328980,272370
2057,52.35909569,-2.876151411,340430,273810
2065,52.38161148,-2.724244108,350800,276200
2086,52.36409804,-2.706481447,351990,274240
2088,52.31178192,-2.625411383,357460,268370
2090,52.39486507,-3.160352336,321140,278061
2178,52.28899754,-2.418694921,371538,265734
2002,52.09217187,-1.942883561,404010,243760
2010,52.11443239,-2.108019305,392700,246240
2015,52.10078248,-1.910171061,406250,244720
2024,52.06484961,-1.966695375,402380,240720
2049,52.10744739,-2.071937703,395170,245460
2050,51.99866999,-2.155515201,389420,233370
2056,52.03494746,-2.116573652,392100,237400
2001,52.38357114,-2.322445542,378150,276220
2007,52.25538196,-2.193915994,386860,261930
2016,52.55521196,-2.376063479,374600,295330
2023,52.38532601,-2.337885613,377100,276420
2038,52.46132342,-2.207478162,386000,284840
2039,52.17980668,-2.225468736,384680,253530
2058,52.63636303,-2.524969345,364570,304420
2064,52.38895996,-2.250485047,383050,276800
2069,52.53494142,-2.415842495,371890,293090
2075,52.30676988,-2.076954811,394850,267631
2092,52.20697452,-2.235279269,384019,256554
2169,52.67455913,-2.379336183,374448,308607
8008,55.34347135,-2.1245326,392200,605500
8026,55.1277291,-1.495005262,432300,581600
8092,55.17723056,-1.871218339,408300,587000
8098,55.03973134,-1.859140704,409100,571700
8137,55.1519913,-1.914765226,405530,584187
8139,55.16620982,-1.726839439,417500,585800
8143,55.33399816,-1.632682728,423400,604500
8154,55.23408545,-1.901712421,406349,593324
8162,55.04942383,-1.7417205,416600,572800
8173,55.30844688,-1.895999702,406700,601600
8182,55.37210858,-2.209827183,386800,608700
8195,55.0406454,-1.873220756,408200,571800
8014,54.54463749,-1.928861904,404700,516600
8030,54.65060536,-1.508684129,431800,528500
8034,54.51794047,-1.601418537,425900,513700
8071,54.47030471,-1.098864685,458500,508700
8082,54.4777225,-1.298743008,445538,509378
8088,54.48906198,-1.144764158,455500,510750
8093,54.67293892,-2.235664529,384900,530900
8108,54.53303903,-1.550275287,429200,515400
8129,54.48854084,-1.439619371,436400,510500
8138,54.62012127,-2.078947466,395000,525000
8141,54.69685021,-2.375443073,375900,533600
8164,54.60852578,-1.549444029,429200,523800
8177,54.50510542,-1.949005892,403400,512200
8185,54.56750893,-0.89874397,471300,519700
8190,54.51061782,-1.562877415,428400,512900
8200,54.468284,-1.194571467,452300,508400
8223,54.51238903,-1.355886067,441800,513200
8020,55.76651472,-1.924526165,404834,652577
8051,55.5169555,-2.004723676,399800,624800
8221,55.54750534,-2.011067045,399400,628200
8005,54.90383122,-2.265083539,383100,556600
8007,54.81254771,-2.443423448,371600,546500
8019,55.14286975,-2.261960706,383400,583200
8040,54.94993726,-1.942202106,403800,561700
8058,55.00142874,-1.604459385,425400,567500
8076,54.94347347,-2.513550067,367200,561100
8085,55.01778853,-1.614385787,424755,569317
8095,54.97669813,-2.226505734,385600,564700
8111,55.24429818,-2.561461268,364400,594600
8157,55.23198003,-2.179214116,388700,593100
8158,55.24360295,-2.215440144,386400,594400
8166,55.05320057,-2.148673006,390600,573200
8167,55.14297282,-2.208621837,386800,583200
8170,54.95174142,-1.959374368,402700,561900
8203,54.92057978,-1.613053035,424900,558500
8222,55.02325985,-1.696528697,419500,569900
8262,55.18095186,-2.452217949,371300,587500
8018,54.68471569,-1.818491057,411800,532200
8038,54.74260264,-1.599217198,425900,538700
8046,54.85479558,-1.559165991,428400,551200
8055,54.62097456,-1.868331596,408600,525100
8068,54.64666661,-1.672994254,421200,528000
8072,54.74593592,-2.076085949,395200,539000
8123,54.82500666,-1.744678595,416502,547826
8128,54.61907374,-1.794005497,413400,524900
8155,54.6323827,-1.710287136,418800,526400
8192,54.63425339,-1.742806384,416700,526600
8196,54.74685533,-2.027930499,398300,539100
8198,54.64933282,-1.662124657,421900,528300
8201,54.73448382,-1.589979302,426500,537800
8212,54.75294241,-2.223699882,385700,539800
8219,54.67287559,-1.733258801,417300,530900
8003,53.71641532,-0.905940321,472300,425000
8009,53.80154719,-1.574836141,428100,434000
8017,53.72322152,-1.198264062,453000,425500
8032,53.70235605,-1.793958599,413700,422900
8035,53.95776691,-2.073114765,395300,451300
8041,53.69679086,-1.027617784,464300,422700
8042,53.7310155,-1.358184289,442440,426260
8048,53.73129349,-1.983289167,401200,426100
8053,53.6752826,-1.738081211,417400,419900
8054,53.91824299,-2.007576367,399600,446900
8056,53.83812897,-1.82824508,411400,438000
8060,53.90296021,-1.969523982,402100,445200
8061,53.79421072,-1.535440862,430700,433200
8065,53.67814158,-1.504926738,432800,420300
8066,53.68775309,-1.627466095,424700,421320
8070,53.91456077,-2.144591969,390600,446500
8073,53.694299,-1.813685706,412400,422000
8075,53.74800089,-1.447999697,436500,428100
8077,53.71378141,-1.268142013,448400,424400
8079,53.75148179,-1.423689727,438100,428500
8083,53.98201629,-2.097555164,393700,454000
8094,53.96084453,-2.011851805,399320,451640
8096,53.68155745,-1.73047236,417900,420600
8097,53.74117831,-2.027253062,398300,427200
8100,53.65589569,-1.56268442,429000,417800
8105,53.66272199,-1.748752233,416700,418500
8109,53.86427831,-1.904167052,406400,440900
8112,53.90745697,-1.984742182,401100,445700
8120,53.81962637,-1.605032697,426100,436000
8122,53.70992975,-1.227302628,451100,424000
8124,53.67159113,-1.697235923,420100,419500
8134,53.72610516,-1.381599503,440900,425700
8149,53.68497583,-1.6608012,422500,421000
8152,53.7447762,-2.010576563,399400,427600
8165,53.63852739,-1.78670712,414200,415800
8172,53.66656931,-1.948505026,403500,418900
8187,53.95958464,-2.022824546,398600,451500
8189,53.9407107,-2.02129077,398700,449400
8191,53.70789357,-1.91209645,405900,423500
8199,53.87594941,-1.888930436,407400,442200
8205,53.71687429,-2.096938956,393700,424500
8209,53.67718574,-1.491313309,433700,420200
8211,53.69080507,-2.101421861,393400,421600
8250,53.91854078,-2.130293786,391540,446941
8251,53.81290771,-1.481061028,434267,435305
8252,53.89788559,-2.008303019,399552,444635
8255,53.66865596,-1.472617789,434942,419260
8256,53.7205244,-1.705174094,419553,424942
8257,53.7101732,-1.264568489,448640,424001
8258,53.60163656,-1.927306942,404908,411677
8260,53.63636575,-1.726918783,418154,415573
8033,54.28727026,-1.141267877,456000,488300
8037,53.81909302,-0.929091358,470600,436400
8039,54.01913773,-0.885803053,473100,458700
8045,54.30325474,-0.999552168,465200,490200
8074,53.91798277,-0.931130672,470300,447400
8102,54.17432221,-0.762138831,480900,476100
8117,54.26031957,-0.919226503,470500,485500
8125,54.29986263,-0.717930223,483532,490119
8126,54.3089336,-0.746360246,481664,491095
8130,54.13331545,-0.79550257,478800,471500
8131,54.14665947,-0.75976423,481109,473025
8132,54.18561956,-0.725022391,483300,477400
8147,54.20385946,-0.937564459,469400,479200
8148,54.22931855,-0.870946735,473700,482100
8153,54.21590408,-0.969766534,467280,480509
8161,54.24683351,-0.777618397,479750,484150
8178,54.30247178,-0.421732253,502800,490800
8183,54.26246387,-0.859294393,474400,485800
8188,54.20236751,-0.566183835,493627,479462
8214,54.25380902,-0.481922791,499000,485300
8230,54.17336108,-0.984151944,466410,475762
8231,54.23946504,-0.717225259,483700,483400
8002,53.51252513,-1.28216888,447700,402000
8015,53.560708,-1.473085056,435000,407250
8027,53.51449988,-1.312296706,445700,402200
8047,53.23208234,-1.453157029,436600,370700
8062,53.55111988,-1.439998459,437200,406200
8064,53.53637046,-1.36626047,442100,404600
8067,53.52957596,-1.141580545,457000,404000
8069,53.30317822,-1.471757267,435300,378600
8084,53.70195396,-0.866430562,474933,423432
8090,53.41437265,-1.414714515,439000,391000
8091,53.23371704,-1.41867849,438900,370900
8099,53.37325992,-1.464878793,435700,386400
8101,53.54268581,-1.37069335,441800,405300
8114,53.32672991,-1.32883157,444800,381300
8115,53.47125334,-1.294917449,446900,397400
8135,53.49521646,-1.244776672,450200,400100
8151,53.57334809,-1.104450353,459400,408900
8174,53.42578747,-1.361885966,442500,392300
8175,53.43026534,-1.358808788,442700,392800
8181,53.26796611,-1.437705931,437600,374700
8197,53.26655154,-1.33727052,444300,374600
8210,53.64032239,-1.168072803,455100,416300
8217,53.26603821,-1.410743955,439400,374500
8220,53.36641004,-1.352253466,443200,385700
8240,53.58419276,-1.528667397,431301,409837
8241,53.52620501,-1.473920435,434973,403411
8242,53.59639758,-1.063694996,462065,411499
8243,53.60000109,-1.294196485,446806,411724
8244,53.57618293,-1.176249126,454642,409158
8245,53.65030896,-1.262811386,448825,417342
8246,53.66085957,-0.991247602,466758,418736
8247,53.52745742,-1.645768295,423580,403480
8248,53.38536642,-1.462592132,435842,387748
8249,53.40184437,-1.54763454,430174,389542
8253,53.39060632,-1.362006042,442527,388386
8254,53.50516272,-1.343024454,443672,401142
8259,53.61395216,-0.990672811,466870,413518
8261,53.42396422,-1.41668963,438860,392066
8232,54.45896092,-0.824527824,476300,507700
8233,54.46211282,-0.654485399,487316,508248
8024,53.70742907,-0.724371879,484300,424200
8029,54.09311306,-0.263779201,513650,467750
8031,54.08516823,-0.182316404,519000,467000
8036,53.72383529,-0.58443742,493500,426200
8103,53.73679331,-0.333839591,510000,428000
8194,53.57609819,0.108441518,539700,410900
8237,53.73659349,-0.19587577,519100,428200
8238,53.77404173,-0.65103381,489000,431700
8239,53.73993366,-0.144405386,522485,428659
8004,54.0536497,-1.288151623,446700,462200
8011,54.31185061,-2.102946801,393400,490700
8016,54.1457279,-1.360057063,441900,472400
8021,54.03817052,-1.650299996,423000,460300
8023,53.9715146,-1.388644804,440200,453000
8028,54.0964738,-1.394454981,439700,466900
8043,54.38868762,-1.653488306,422600,499300
8059,54.15376692,-1.350745936,442500,473300
8063,54.18344812,-1.35487809,442200,476600
8081,53.95245638,-1.078063184,460600,451100
8086,54.11038841,-1.785825064,414100,468300
8089,54.38107502,-1.929143966,404700,498400
8104,53.97130651,-1.349010884,442800,453000
8113,54.26930621,-1.709765956,419000,486000
8116,54.2539097,-1.425919673,437500,484400
8121,54.00423902,-1.465976081,435100,456600
8127,54.29004888,-2.258050484,383300,488300
8133,54.22692118,-1.654843394,422600,481300
8140,54.01173371,-1.197307687,452700,457600
8142,54.32079115,-1.511082782,431900,491800
8144,54.0952604,-1.334840061,443600,466800
8159,54.40972396,-2.177145487,388600,501600
8160,54.08607638,-1.761491282,415700,465600
8168,54.38826893,-1.936831038,404200,499200
8169,54.4006611,-1.776615765,414600,500600
8171,54.13397005,-1.540832363,430100,471000
8176,54.14465877,-1.516220632,431700,472200
8184,53.9915293,-1.135160605,456800,455400
8186,53.99869205,-1.266206599,448200,456100
8207,54.32327791,-1.461854117,435100,492100
8208,53.95880519,-1.08554352,460100,451800
8215,54.09497536,-1.457166811,435600,466700
8224,54.36332251,-1.418624528,437875,496578
8225,54.33935615,-1.44011117,436500,493900
8226,54.44242981,-1.71910649,418315,505261
8227,54.0964738,-1.394454981,439700,466900
8228,54.22258265,-1.662026689,422134,480815
8229,54.09061175,-1.497509213,432965,466195
8234,53.96464996,-1.111038856,458419,452429
8235,53.98147063,-1.067678651,461239,454337
8001,53.94063291,-1.861338753,409200,449400
8010,53.90302988,-1.552499081,429500,445300
8044,53.83374032,-1.128536858,457450,437850
8050,53.87547638,-1.25315447,449200,442400
8052,53.9123424,-1.418433593,438300,446400
8078,53.85147629,-1.157811769,455500,439800
8080,53.92012883,-1.358942795,442200,447300
8087,54.07013459,-2.004548773,399800,463800
8106,53.9289012,-1.824827337,411600,448100
8110,54.14561889,-2.050483504,396800,472200
8145,53.89328337,-1.097626017,459400,444500
8156,53.90796749,-1.694008433,420200,445800
8163,53.90509142,-1.630102642,424400,445500
8179,53.78331827,-1.057490719,462200,432300
8180,53.7860855,-1.066535569,461600,432600
8202,53.89089419,-1.275703426,447700,444100
8236,53.88374182,-1.440950222,436846,443206
5014,54.52557077,-3.416975227,308390,515400
5018,54.44017268,-3.529381449,300909,506051
5024,54.73242069,-3.405394072,309600,538400
5027,54.42664589,-3.489091553,303490,504490
5037,54.36800452,-3.339044125,313100,497770
5047,54.48293224,-3.52339802,301400,510800
5060,54.60364636,-3.142493901,326295,523764
5090,54.60803316,-3.107579557,328558,524216
5103,54.67801295,-3.244958444,319823,532151
5123,54.58070557,-3.318005936,314910,521410
5128,54.66268654,-3.361341478,312286,530585
5129,54.64041042,-3.348138596,313090,528090
5131,54.50737623,-3.525790347,301304,513523
5139,54.56595284,-3.063703942,331321,519490
5140,54.61379953,-3.050504518,332254,524801
5174,54.60457162,-3.159549335,325195,523885
5175,54.60129102,-3.149208229,325857,523509
5178,54.56284276,-3.138785177,326461,519220
5179,54.66625894,-3.236923857,320318,530834
5180,54.66354822,-3.370207708,311716,530692
5181,54.66354822,-3.370207708,311716,530692
5005,54.57997437,-2.491638589,368320,520641
5025,54.5361415,-2.762651351,350750,515920
5032,54.98681499,-2.920419214,341200,566190
5033,55.09349528,-2.481470661,369370,577780
5039,54.86564299,-2.944455289,339480,552727
5040,54.628813,-2.837854051,346007,526287
5042,54.88575515,-2.937521199,339955,554959
5046,54.65107137,-2.743244157,352141,528695
5058,54.89013604,-2.830751581,346810,555360
5059,54.51283395,-2.364485022,376500,513120
5062,54.88177731,-2.918272252,341184,554500
5074,54.89463011,-2.68677538,356050,555760
5081,54.91284383,-2.893022694,342848,557936
5100,54.85316772,-2.881329892,343514,551286
5125,54.77442269,-2.993318972,336200,542620
5127,54.90487638,-2.952859823,339000,557100
5135,54.79620593,-2.954267628,338745,545009
5138,54.64835172,-2.614396079,360452,528312
5141,54.66732909,-2.65936664,357570,530450
5157,54.48208199,-2.351879424,377299,509694
5159,54.88177731,-2.918272252,341184,554500
5166,54.55419054,-2.94435546,339020,518071
5167,54.53583832,-2.933978564,339664,516020
5168,54.61701011,-2.818579658,347236,524959
5169,54.64991102,-2.737535209,352508,528562
5170,54.55559235,-2.743439157,352016,518071
5172,54.88976446,-2.913776919,341484,555385
5173,54.89115986,-2.938208019,339919,555561
5183,54.914694,-2.803053266,348618,558072
5001,53.9787091,-2.67710611,355690,453840
5012,54.11347756,-2.510192165,366745,468743
5020,54.31412192,-2.55502038,363990,491090
5022,53.85886728,-2.743283697,351210,440550
5029,54.08135807,-2.722034075,352860,465290
5030,53.8660618,-2.81199412,346700,441400
5051,53.92653135,-3.004748181,334120,448290
5054,53.99175698,-2.792169624,348160,455370
5055,53.89611641,-2.779706502,348860,444720
5068,54.1406208,-2.731330851,352320,471890
5072,54.1097099,-2.635187977,358570,468390
5077,54.31012786,-2.582478715,362200,490660
5080,54.05186524,-2.822029341,346280,462080
5094,54.42004953,-2.599293761,361210,502900
5110,53.93207571,-2.905483571,340646,448819
5113,53.93871122,-2.955075017,337400,449600
5120,53.86260718,-2.790943457,348080,441000
5124,53.94360081,-2.76139595,350120,449990
5132,53.86377479,-2.817880178,346310,441150
5148,54.12512919,-2.589978775,361540,470080
5156,54.10590709,-2.605764757,360490,467950
5006,53.57723571,-2.721447869,352328,409202
5010,53.72465571,-2.670136816,355880,425570
5011,53.81147939,-2.248416957,383740,435050
5015,53.74456766,-2.661507663,356470,427780
5038,53.65589488,-2.76043678,349840,417980
5043,53.79429501,-2.306380699,379915,433153
5048,53.73163748,-2.490624451,367730,426250
5056,53.94229039,-2.272502563,382210,449610
5061,53.69443328,-2.46641442,369300,422100
5064,53.74440127,-2.49046995,367750,427670
5066,53.84801613,-2.424344916,372180,439170
5071,53.85519787,-2.451326228,370410,439980
5083,53.67089415,-2.762220584,349740,419650
5086,54.08436701,-2.280465035,381750,465420
5087,53.83631843,-2.232304712,384810,437810
5091,53.87276771,-2.414405575,372850,441920
5099,53.83370833,-2.453526201,370250,437590
5104,53.78553287,-2.234148596,384670,432160
5105,53.80024108,-2.314850452,379360,433817
5106,53.58880145,-2.773613277,348888,410525
5109,54.06530107,-2.28568414,381400,463300
5111,53.65531953,-2.676601648,355380,417860
5117,53.58389728,-2.637394801,357900,409890
5118,53.84568309,-2.223237172,385410,438850
5119,53.81118967,-2.531038935,365130,435120
5122,53.76912308,-2.624723245,358920,430490
5146,53.75291053,-2.680444416,355230,428720
5147,53.60705526,-2.793111048,347620,412570
5150,53.81983308,-2.4131233,372900,436030
5152,53.54926197,-2.626007161,358620,406030
5017,54.36177491,-2.771958903,349935,496525
5044,54.29538912,-3.237425787,319560,489570
5092,54.28463208,-3.085181379,329450,488210
5098,54.34354562,-2.73353,352411,494470
5126,54.28003734,-2.755869342,350883,487419
5130,54.35814112,-2.748162458,351477,496104
5142,54.34187362,-3.218055428,320910,494720
5144,54.33090613,-2.74286995,351789,493070
5160,54.26808382,-2.974959754,336600,486264
5161,54.42203913,-2.988398138,335965,503406
5162,54.42927385,-2.970690989,337125,504195
5163,54.21854568,-2.774114915,349620,480590
5164,54.35273654,-2.940036383,339000,495652
5165,54.30740555,-3.091313582,329090,490750
5182,54.42241793,-3.334082394,313537,503818
5002,53.39566684,-3.121742818,325506,389346
5019,53.23414335,-2.827999026,344830,371110
5031,53.42532998,-2.622077418,358760,392240
5041,53.41190055,-3.088785723,327725,391118
5050,53.37419597,-2.653512986,356619,386570
5053,53.39691053,-3.151613932,323522,389516
5069,53.40718666,-2.608936175,359616,390214
5078,53.47816195,-2.918178676,339160,398330
5085,53.38378151,-2.624312855,358571,387619
5149,53.39066962,-2.560372402,362830,388350
5003,53.48525863,-2.26639732,382420,398760
5004,53.62695292,-2.137557106,391000,414500
5013,53.5659121,-2.293024927,380690,407740
5026,53.5987789,-2.305189679,379900,411400
5034,53.49369389,-2.229823032,384850,399690
5049,53.55736957,-2.388822793,374340,406820
5075,53.67739495,-2.317111966,379150,420150
5076,53.54645737,-2.371970902,375450,405600
5082,53.68409697,-2.331546168,378200,420900
5088,53.4741906,-2.228964225,384900,397520
5093,53.49057439,-2.26070337,382800,399350
5095,53.49953817,-2.271763161,382070,400350
5115,53.65008054,-2.313427225,379380,417110
5116,53.70578538,-2.286270858,381200,423300
5134,53.60891528,-2.10983995,392830,412490
5136,53.66490682,-2.315050714,379280,418760
5137,53.62600239,-2.176866011,388400,414400
5151,53.66348936,-2.172634464,388690,418570
5008,53.43831982,-2.344079671,377240,393560
5016,53.38005684,-2.406596974,373050,387100
5021,53.40731835,-2.174452094,388500,390070
5023,53.45459738,-2.095586089,393750,395320
5035,53.41381379,-2.058033247,396240,390780
5045,53.38390223,-2.412346623,372670,387530
5052,53.43998073,-2.388652806,374280,393760
5079,53.44501298,-1.964580394,402450,394250
5096,53.40491607,-2.05606569,396370,389790
5101,53.40879622,-2.252681148,383300,390250
5102,53.25150384,-2.12025084,392074,372728
5107,53.41032635,-2.413053598,372640,390470
5112,53.42354149,-2.141412833,390700,391870
5114,53.28924257,-2.148618591,390190,376930
5133,53.34372388,-2.232424449,384623,383006
5143,53.54290163,-2.009015889,399500,405140
5145,53.5147352,-2.038401332,397551,402007
5153,53.33010724,-2.227140077,384970,381490
5154,53.46101693,-1.986707295,400980,396030
5007,53.16587857,-2.494914246,367010,363310
5009,52.98374612,-2.518895296,365260,343060
5036,53.16636377,-2.209371064,386100,363270
5065,53.25828305,-2.516517344,365640,373600
5073,53.16946835,-2.104672907,393100,363600
5089,53.27758685,-2.455862741,369700,375720
5097,53.09300542,-2.488104191,367410,355200
5121,53.24217544,-2.49954061,366760,371800
3094,50.64804622,-3.43191853,298860,84130
3241,50.68146936,-3.470588008,296200,87900
3242,51.13829339,-3.758512977,277070,139140
3243,50.99249535,-3.4812542,296140,122500
3244,50.77556801,-3.718346173,278940,98740
3245,50.82096107,-3.657827542,283320,103690
3246,50.8830315,-3.489862902,295290,110340
3247,50.78240784,-3.496166053,294620,99160
3248,50.91750431,-3.444585394,298550,114110
3249,50.77609075,-3.403913355,301110,98330
3250,50.73315998,-3.437644542,298639,93602
3251,50.71625348,-3.52737541,292268,91849
3252,50.61678037,-3.424254316,299335,80643
3253,50.68223075,-3.470116381,296235,87984
3254,51.13285457,-3.640861109,285287,138345
3256,51.02318642,-3.519875882,293500,125968
3257,51.02185827,-3.531367581,292691,125837
3258,50.94999713,-3.506382339,294280,117810
3259,50.84320298,-3.392163646,302079,105777
3260,50.80427279,-3.511312099,293602,101613
3261,50.75974923,-3.559658399,290091,96733
3262,50.73461503,-3.547358785,290900,93920
3345,50.9891853,-3.484140976,295930,122136
3347,50.91585539,-3.279969376,310118,113713
3155,50.31177646,-4.800081621,200732,49510
3157,50.29225911,-4.781636093,201964,47291
3158,50.17265822,-5.109422767,178065,34920
3159,50.39082418,-4.753493875,204374,58174
3161,50.22940092,-5.120940014,177507,41262
3162,50.25221509,-5.041252748,183293,43563
3163,50.26490637,-5.060488159,181980,45030
3164,50.31915768,-4.898889543,193730,50600
3167,50.37049573,-4.710615503,207339,55802
3170,50.32114297,-4.961758504,189264,50997
3171,50.28484306,-5.057331231,182296,47237
3174,50.26603147,-4.918605796,192095,44749
3129,50.47139749,-4.717357784,207270,67037
3130,50.8329659,-4.558860956,219905,106836
3131,50.78868567,-4.51635656,222730,101810
3132,50.5093041,-4.804817573,201224,71482
3134,50.64042516,-4.675189617,210940,85720
3135,50.39320656,-5.056224544,182870,59280
3136,50.55879667,-4.637803592,213260,76550
3138,50.69107643,-4.69421406,209800,91400
3140,50.51669508,-4.834995601,199116,72385
3145,50.56680987,-4.750526835,205310,77731
3146,50.54173607,-4.936944857,192000,75450
3149,50.84447899,-4.509172962,223447,107996
3150,50.82691997,-4.544968379,220860,106130
3151,50.80641822,-4.536472359,221380,103830
3153,50.47964332,-4.795645321,201750,68160
3227,50.85003121,-2.888678866,337536,105989
3228,50.79570184,-3.11149323,321760,100160
3229,50.79558526,-2.9843571,330720,100020
3230,50.8615885,-3.131545475,320459,107508
3231,50.8568023,-3.0589566,325560,106900
3232,50.74768505,-3.110922491,321720,94820
3233,50.68214353,-3.235989013,312775,87672
3234,50.79664804,-3.183498545,316687,100344
3235,50.76719355,-3.294597302,308800,97200
3236,50.65221889,-3.320008444,306780,84447
3237,50.68832764,-3.294265288,308670,88430
3238,50.75286078,-3.047252607,326220,95330
3239,50.78001293,-3.257220559,311460,98580
3240,50.71778292,-3.219800205,313984,91616
3348,50.65614704,-3.324928627,306440,84890
3349,50.79877635,-3.194379361,315924,100593
3350,50.84174151,-2.916373154,335575,105091
3133,50.41044723,-4.394557786,229955,59472
3139,50.45870976,-4.604752702,215210,65340
3141,50.4772073,-4.595310847,215952,67373
3142,50.50124391,-4.500743981,222751,69815
3144,50.33114073,-4.520057287,220740,50950
3147,50.46560482,-4.559557406,218444,65995
3152,50.43118384,-4.679636616,209785,62469
3176,50.42522442,-4.028038839,256040,60340
3178,50.64718095,-4.267423047,239792,85509
3179,50.41319226,-4.331184276,234467,59634
3181,50.5702455,-4.318508741,235913,77067
3184,50.44015478,-4.298805861,236860,62560
3185,50.58599067,-4.106706266,250960,78370
3187,50.76623685,-4.425519388,229050,99100
3188,50.41785585,-3.959450736,260890,59390
3190,50.56082328,-4.48018946,224430,76390
3191,50.65510752,-4.353431009,233740,86580
3192,50.63959912,-4.407661443,229851,84979
3193,50.34269021,-4.005405847,257400,51120
3194,50.6580366,-4.241883224,241634,86661
3195,50.60014115,-4.30680724,236845,80365
3196,50.49345747,-4.149580154,247627,68169
3197,50.43167185,-4.08307607,252151,61165
3198,50.38712611,-4.061723154,253530,56170
3199,50.40100315,-4.039345726,255163,57669
3200,50.50996609,-4.098100784,251330,69900
3201,50.53127875,-4.221854537,242627,72525
3202,50.63552649,-4.279759875,238880,84240
3203,50.6402731,-4.330766367,235290,84880
3334,50.82365943,-4.438704832,228331,105515
3335,50.69809169,-4.516487066,222378,91738
3336,50.79923149,-4.450276274,227426,102826
3337,50.64171329,-4.362846533,233027,85112
3340,50.55064279,-4.142736714,248296,74513
3341,50.71070316,-4.566317425,218908,93261
3343,50.72681622,-4.203109838,244602,94226
3096,51.01689626,-3.82249331,272260,125750
3098,50.85781071,-3.810599097,272660,108040
3099,51.21914705,-3.751998768,277740,148120
3100,50.73782653,-3.917603819,264783,94889
3104,51.02570835,-3.749641938,277393,126606
3106,50.99542267,-3.98509635,260791,123657
3107,51.05314642,-3.969414473,262063,130046
3108,51.07494667,-4.05092606,256418,132626
3109,51.11868833,-4.048462063,256726,137485
3110,51.05515533,-3.795043238,274289,129957
3112,51.07672023,-3.866814595,269320,132480
3113,50.93990376,-3.907588533,266070,117340
3117,51.07318197,-4.041283668,257088,132411
3118,50.90776977,-3.863658676,269066,113688
3119,51.10053022,-4.164256811,248563,135698
3123,50.84545998,-3.886260288,267300,106800
3127,50.97306359,-3.909702235,266017,121031
3128,51.09997546,-4.010012166,259360,135330
3346,51.11129581,-4.161802474,248770,136890
3351,51.13390351,-4.153124267,249451,139386
3204,50.48680745,-3.568950276,288793,66398
3205,50.53326024,-3.657794356,282606,71700
3206,50.59512224,-3.615940266,285722,78513
3207,50.59560433,-3.682859696,280987,78672
3208,50.42178338,-3.918082618,263840,59750
3209,50.53927374,-3.702262466,279470,72440
3210,50.39342669,-3.73051724,277090,56270
3211,50.3910737,-3.701028143,279180,55960
3212,50.55176666,-3.916860689,264300,74200
3214,50.69569816,-3.739496331,277240,89894
3215,50.58229441,-3.898041573,265720,77560
3216,50.47903457,-3.761409161,275120,65840
3217,50.39064888,-3.721946846,277692,55947
3218,50.3139504,-3.800724265,271886,47552
3219,50.36307495,-3.911214887,264160,53210
3220,50.44146566,-3.8524028,268560,61820
3221,50.52145323,-3.756992584,275545,70549
3222,50.51620151,-3.757545153,275492,69966
3223,50.53326024,-3.657794356,282606,71700
3224,50.65031604,-3.641626969,284040,84690
3225,50.63978488,-3.787043773,273732,83757
3226,50.54104778,-3.550850488,290203,72402
3101,50.70405142,-3.974914565,260639,91240
3102,50.90173282,-4.392874108,231840,114090
3103,50.97731381,-4.178080411,247190,122026
3105,50.69453661,-4.044747024,255679,90316
3111,50.77939063,-4.12780074,250085,99916
3116,50.73542313,-3.981180237,260290,94740
3120,51.05248449,-4.190453487,246570,130410
3121,50.79330549,-4.090432644,252763,101388
3122,50.79967996,-3.999791808,259170,101920
3124,50.84302391,-4.122243375,250680,106980
3125,50.88227136,-4.065169426,254820,111230
3126,50.94626812,-4.137193632,249960,118490
3154,50.21523116,-5.47642792,152085,40810
3160,50.13112466,-5.255325958,167447,30748
3165,50.15688007,-5.432924573,154889,34180
3166,50.13743944,-5.406966125,156644,31934
3168,50.34019554,-5.157466887,175425,53688
3169,50.08361944,-5.291209517,164650,25580
3172,50.1758181,-5.436552486,154727,36297
3173,50.33341718,-5.144368235,176325,52895
3175,50.3119909,-5.166160748,174673,50579
3338,50.10000097,-5.279801467,165546,27365
3339,50.05066756,-5.634777681,139899,23058
3342,50.26005446,-5.279382342,166359,45155
3339,50.05066756,-5.634777681,139899,23058
3342,50.26005446,-5.279382342,166359,45155
3002,51.29061974,-2.483973621,366348,154721
3004,51.1694292,-2.364160034,374636,141195
3005,51.20320217,-2.389560879,372880,144960
3009,51.54206652,-2.385960518,373330,182645
3013,51.43902232,-2.625786838,356600,171300
3016,51.34297454,-2.266615463,381526,160466
3017,51.5782389,-2.074992377,394900,186600
3018,51.55484902,-2.092261945,393700,184000
3021,51.45368725,-2.430332108,370195,172833
3022,51.49316382,-2.280988096,380589,177173
3023,51.54370444,-2.464866426,367859,182859
3024,51.2307722,-2.487684795,366045,148067
3027,51.54756478,-2.049877762,396638,183187
3028,51.24229066,-2.327804178,377214,149286
3029,51.53782155,-2.481084608,366730,182212
3030,51.53645303,-2.004709442,399770,181950
3031,51.35329408,-2.632659471,356040,161770
3032,51.43112273,-2.553496682,361618,170381
3033,51.42771203,-2.633917217,356024,170047
3034,51.60266167,-2.12493262,391444,189321
3035,51.58200459,-2.158026333,389147,187028
3036,51.49259091,-2.523819938,363730,177202
3037,51.45103299,-2.554816837,361543,172596
3038,51.45582612,-2.065579874,395540,172985
3039,51.42696947,-2.45971049,368135,169874
3040,51.41805037,-2.268634275,381416,168816
3041,51.40161817,-2.310456181,378500,167000
3042,51.38438516,-2.376527148,373894,165105
3043,51.39949239,-2.447733862,368949,166813
3044,51.38044098,-2.50681874,364824,164721
3045,51.34887816,-2.340898913,376355,161144
3046,51.34399248,-2.134334036,390740,160554
3047,51.31742455,-2.206560432,385701,157611
3048,51.3204627,-2.373793307,374048,157995
3049,51.30679431,-2.280880284,380517,156446
3050,51.24069144,-2.349094173,375727,149115
3059,51.20943621,-2.678499259,352700,145800
3060,51.36393616,-2.788924874,345171,163059
3295,50.7682377,-1.876849333,408781,96524
3296,51.03725535,-2.278775387,380550,126470
3297,51.05377399,-2.289860471,379780,128310
3298,51.048999,-2.412517004,371180,127820
3299,50.80585499,-1.990014071,400800,100700
3300,50.74094794,-1.806060715,413781,93500
3301,50.7714495,-1.822115577,412640,96889
3302,50.78968333,-1.971319315,402118,98902
3303,50.76383442,-1.842037438,411237,96039
3304,50.87581671,-1.99269997,400610,108480
3305,50.85307193,-2.167095678,388334,105964
3306,50.93142,-2.257551075,381997,114695
3307,51.03421968,-2.265622502,381471,126129
3308,51.04958119,-2.276024773,380748,127840
3317,50.97491073,-1.978584352,401600,119500
3332,50.73034073,-1.773402822,416089,92327
3263,50.60918836,-1.962722625,402734,78831
3269,50.79060618,-2.416436892,370743,99087
3270,50.76710046,-2.400757706,371834,96467
3271,50.79687347,-2.656883216,353801,99907
3272,50.71564192,-2.409213708,371206,90748
3273,50.79525824,-2.522877915,363244,99652
3274,50.69066028,-2.479865774,366200,88000
3275,50.68102762,-2.189143491,386733,86836
3276,50.73976288,-2.253337028,382220,93381
3277,50.71204461,-2.414366156,370840,90350
3278,50.77656312,-2.574351774,359600,97600
3279,50.71053351,-1.992866361,400600,90100
3280,50.68350443,-2.108938778,392400,87100
3333,50.61322864,-1.971623617,402104,79280
3309,51.06282931,-1.779762408,415530,129300
3310,51.13706684,-1.720237025,419670,137570
3311,51.24229918,-1.662011024,423690,149290
3313,50.87397859,-1.773262151,416050,108300
3314,50.92840834,-1.777280861,415749,114352
3315,50.92839938,-1.777295132,415748,114351
3316,51.20243244,-1.958398992,403003,144803
3318,51.03643093,-1.771758098,416100,126366
3319,51.07252764,-1.77754693,415682,130379
3320,50.74808691,-1.780021655,415616,94299
3321,51.16059207,-2.043279423,397070,140150
3322,51.14160024,-2.204744595,385773,138057
3323,51.30251797,-1.809889153,413350,155950
3324,51.30251797,-1.809889153,413350,155950
3325,51.17155349,-1.78518154,415115,141390
3326,51.18390436,-2.132150375,390860,142750
3327,51.10745697,-1.878108872,408630,134247
3328,51.06855539,-1.798673987,414203,129933
3329,51.07637207,-1.862574382,409724,130792
3330,51.06148879,-2.080373071,394464,129131
3331,50.843262,-1.793579127,414630,104880
3053,51.19970551,-2.86171463,339889,144852
3054,51.19165855,-2.719193351,349838,143850
3055,51.11234117,-2.451080165,368520,134880
3056,51.11605933,-2.430843804,369939,135285
3057,51.08370021,-2.586942996,358984,131762
3058,51.13676495,-2.724471595,349409,137749
3061,51.07343988,-2.964834961,332500,130900
3063,50.87368799,-2.566008732,360271,108396
3064,51.05496965,-2.936071809,334489,128820
3065,51.03489914,-2.83390913,341624,126502
3066,51.05359893,-2.891729023,337595,128629
3067,51.12989917,-3.001624884,330008,137213
3070,50.94787611,-2.50310858,364753,116614
3071,51.03167207,-2.798997846,344068,126116
3072,50.97604615,-2.793555768,344383,119926
3073,51.05496965,-2.936071809,334489,128820
3074,50.94350673,-2.608660691,357334,116184
3075,50.92686272,-2.768543838,346082,114438
3076,50.92184458,-2.940553414,333986,114020
3077,50.96492945,-2.912031224,336050,118786
3078,51.02316188,-2.565575033,360429,125018
3079,51.00336119,-2.683240712,352156,122886
3081,51.02103648,-3.13261487,320656,125240
3082,51.01908403,-3.133650832,320580,125024
3083,50.9744903,-3.313800364,307856,120275
3084,51.03552147,-3.265964131,311331,127003
3086,51.15962207,-3.320140517,307780,140870
3087,51.15572204,-3.302254928,309023,140414
3089,51.14633344,-3.373802492,304000,139461
3090,51.1777183,-3.305421247,308845,142864
3091,51.20105677,-3.578041078,289845,145833
3092,51.21169577,-3.569299114,290481,147003
3093,51.21387469,-3.474389114,297115,147108
3281,50.80719839,-2.739286307,348005,101110
3282,50.56987774,-2.441033698,368863,74552
3283,50.73193644,-2.752199243,347010,92750
3284,50.7617374,-2.688335057,351548,96020
3285,50.70163517,-2.725956471,348829,89362
3286,50.73979301,-2.891663663,337178,93733
3287,50.66574602,-2.480885096,366110,85230
3288,50.71076042,-2.638838628,354990,90320
3289,50.56481118,-2.467290424,367000,74000
3290,50.73238512,-2.752348128,347000,92800
3291,50.65372685,-2.473265011,366640,83890
3293,50.78942316,-2.750029017,347228,99141
3294,50.71162437,-2.762850644,346235,90499
1021,50.76565714,0.295673185,561989,98742
1027,50.81474414,0.357109386,566147,104336
1153,50.91266091,0.29075074,561135,115076
1154,50.88832108,0.244126818,557940,112269
1156,50.89527634,0.240223331,557642,113034
1036,51.45040641,0.173280291,551110,174620
1037,51.44600253,0.158535805,550100,174100
1038,51.42396417,0.230858383,555200,171800
1039,51.44015651,0.113666944,547001,173359
1040,51.30429606,0.186312604,552500,158400
1023,51.44698935,0.341359944,562800,174600
1063,51.29516498,0.507197194,574900,158100
1064,51.29103041,0.511275002,575200,157650
1066,51.14454783,0.168460683,551780,140600
1067,51.15072628,0.174756037,552200,141300
1069,51.25462589,0.485068705,573510,153540
1071,51.19408198,0.065158381,544400,145900
1072,51.09538464,0.052188428,543800,134900
1073,51.22255869,0.334677319,563130,149630
1074,51.20169052,0.33032928,562900,147300
1076,51.10831974,0.172478896,552180,136580
1078,51.10150364,0.392566702,567610,136300
1080,51.19408218,0.236338405,556360,146250
1081,51.17195761,-0.007358351,539400,143300
1083,51.27155704,0.518485605,575777,155502
1084,51.17261154,0.173067514,552010,143730
1085,51.14827896,0.68225978,587700,142200
1086,51.20236143,0.515037751,575800,147800
1087,51.13278879,0.453933968,571790,139920
1088,51.10730261,0.139859409,549900,136400
1089,51.25083783,0.447173814,570880,153030
1090,51.19461856,0.278444879,559300,146400
1091,51.1896555,0.160845928,551100,145600
1096,51.0381547,-0.100115855,533300,128250
1100,50.91567001,0.043418476,543740,114900
1102,50.98926788,0.127301029,549400,123250
1106,51.00287055,-0.027725396,538480,124460
1107,50.97519038,0.034064369,542900,121500
1108,50.95199813,0.074341705,545800,119000
1109,50.87716874,0.012877181,541710,110560
1110,51.02108505,-0.073721855,535200,126400
1118,51.00625786,-0.07989534,534810,124740
1119,50.96875529,0.097877239,547400,120910
1152,51.03845406,-0.100274781,533288,128283
1030,50.94738927,0.734745783,592200,120000
1120,50.94591195,0.730999997,591943,119826
1121,50.98144975,0.468825685,573396,123128
1122,50.99099595,0.390412176,567858,124008
1125,50.95022432,0.630969351,584900,120050
1126,50.99181944,0.524370928,577255,124413
1127,50.9234365,0.720532807,591300,117300
1129,51.10517092,0.948038646,606478,138119
1130,51.13367729,0.880119924,601600,141100
1131,51.25814862,1.145921781,619600,155700
1132,51.17161328,0.799501523,595800,145100
1133,51.14506693,0.84696873,599232,142276
1134,51.32396728,1.206414196,623500,163200
1135,51.25778912,1.030071809,611520,155320
1137,51.15769143,0.815178234,596955,143594
1139,51.27372989,1.168496698,621100,157500
1143,51.2956646,1.088231151,615400,159700
1144,51.12122087,0.856263458,599985,139650
1145,51.18459237,0.930522336,604900,146900
1029,51.41580323,0.742484533,590800,172100
1001,50.88283839,-0.306835305,519204,110626
1002,50.93795889,-0.300735019,519492,116765
1004,50.96504777,-0.32324507,517842,119741
1005,50.93769619,-0.301840535,519415,116734
1006,50.95741256,-0.265965713,521884,118985
1032,50.82885018,-0.248837332,523426,104718
1008,50.85382561,-0.552762374,501968,107032
1009,50.99220555,-0.674483181,493124,122259
1010,50.94971595,-0.529585278,503387,117727
1011,50.89676194,-0.54437876,502464,111818
1013,50.9832671,-0.669765714,493473,121271
1014,51.02251853,-0.477335273,506890,125897
1017,50.95633815,-0.513514737,504501,118486
1025,50.74023631,-0.817862758,483510,94069
1155,50.86110025,-0.928623328,475500,107390
1044,50.86366998,-1.166432626,458760,107460
1018,50.69363402,-1.10800312,463100,88600
1020,50.76326986,-1.296678952,449700,96200
1046,50.75548093,-1.333229483,447130,95310
1047,50.7019994,-1.291789745,450110,89390
1024,50.7635745,-1.537717061,432700,96100
1060,50.81596054,-1.550259596,431780,101920
1062,50.82424326,-1.576870967,429900,102830
1034,50.89013093,-1.388037141,443140,110250
1048,50.98764072,-1.344157404,446130,121120
1049,50.97055573,-1.344255531,446140,119220
1050,51.08774295,-1.189255197,456880,132360
1051,50.98342525,-1.382481199,443444,120628
1052,51.06125853,-1.307871869,448600,129330
1053,51.09002496,-1.181219227,457440,132620
1054,51.08883247,-1.272907109,451020,132420
1055,50.99028994,-1.335571289,446730,121420
1056,50.93579872,-1.368510578,444470,115340
1057,51.08643248,-1.181853741,457400,132220
1058,50.95388372,-1.370401145,444320,117350
1059,51.05820396,-1.30834546,448570,128990
1149,50.91965511,-1.447969899,438900,113500
1151,50.98915631,-1.485187317,436230,121210
7248,51.43104004,-0.495298654,504700,171300
7345,51.93019535,0.087147191,543600,227800
7346,51.88426942,0.090831285,544000,222700
7347,51.81447837,0.019409467,539300,214800
7247,51.44033502,-0.511971622,503520,172310
7382,51.58404576,0.171553806,550549,189477
7383,51.54652221,0.183958889,551533,185330
7384,51.59986915,0.249578073,555900,191400
7385,51.55314654,0.236640268,555163,186177
7337,51.92024201,-0.122724361,529200,226300
7338,51.87392832,-0.150802762,527400,221100
7339,51.86135279,-0.1176249,529720,219760
7340,51.87522264,-0.06358391,533400,221400
7341,51.80085416,-0.079825568,532500,213100
7007,51.48151611,-0.313114291,517235,177189
7282,51.57749922,-0.217558027,523610,188020
7289,51.55109447,-0.267775501,520200,185000
7290,51.5270525,-0.34653505,514800,182200
7291,51.50811738,-0.342897574,515100,180100
7278,51.62340033,-0.186143836,525660,193178
7279,51.6155456,-0.188768103,525500,192300
7280,51.59177957,-0.210502556,524060,189620
7281,51.58483425,-0.179885418,526200,188900
7283,51.61779667,-0.266392558,520120,192420
7284,51.61110429,-0.313153218,516900,191600
7285,51.60777788,-0.269951406,519900,191300
7286,51.59121534,-0.244595004,521700,189500
7287,51.58675524,-0.308281164,517300,188900
7288,51.56207009,-0.280342983,519300,186200
7191,51.63477461,-0.465446444,506300,194000
7192,51.56640157,-0.483620465,505200,186370
7194,51.67723712,-0.650213141,493426,198470
7196,51.55921472,-0.484148016,505180,185570
7197,51.54957496,-0.482737659,505300,184500
7198,51.52987518,-0.489159298,504900,182300
7199,51.52191515,-0.499512656,504200,181400
7200,51.50101967,-0.482909857,505400,179100
7205,51.50903447,-0.476879616,505800,180000
7206,51.47749401,-0.513642817,503320,176440
7207,51.46620551,-0.502780265,504100,175200
7208,51.44053855,-0.535274379,501900,172300
7209,51.45240263,-0.520502521,502900,173640
7210,51.43623677,-0.514982218,503320,171850
7211,51.43577276,-0.513846302,503400,171800
7212,51.44198212,-0.535659869,501870,172460
7006,51.66874617,-0.287831838,518503,198051
7175,51.68236707,-0.315670299,516543,199521
7176,51.70698938,-0.217683291,523250,202420
7177,51.71807164,-0.219129584,523120,203650
7178,51.83811415,-0.461156115,506120,216620
7179,51.71952527,-0.289736476,518239,203695
7180,51.7947985,-0.393083329,510916,211904
7181,51.79321145,-0.396706914,510670,211722
7182,51.70470633,-0.336071956,515076,201973
7184,51.67064785,-0.380054237,512121,198117
7185,51.75767975,-0.475410752,505325,207654
7186,51.74462711,-0.496621661,503891,206172
7187,51.74110726,-0.473289087,505510,205814
7188,51.64564875,-0.437025146,508241,195251
7189,51.70249165,-0.614397812,495849,201325
7190,51.64258194,-0.461497517,506555,194874
7270,51.57788633,-0.38077115,512300,187800
7271,51.54785238,-0.42034575,509630,184400
7272,51.56194133,-0.379332201,512439,186029
7273,51.54871589,-0.397816293,511190,184530
7274,51.54152973,-0.418257399,509790,183700
7275,51.51780664,-0.392991749,511600,181100
7276,51.48840129,-0.412750649,510300,177800
7277,51.44863726,-0.340014827,515450,173490
7008,51.61910793,0.008990477,539180,193054
7358,51.76867752,0.015915103,539200,209700
7359,51.7133416,-0.060662838,534080,203403
7360,51.73524686,0.01993044,539580,205990
7361,51.70325653,-0.022626058,536738,202352
7362,51.69153231,-0.027014747,536470,201040
7363,51.69135221,0.015371119,539400,201100
7364,51.68074263,0.00477412,538700,199900
7365,51.67127513,-0.020230095,537000,198800
7366,51.67195034,-0.060695879,534200,198800
7367,51.66884628,-0.036243777,535900,198500
7368,51.64373857,-0.095143042,531900,195600
7369,51.62609747,-0.061207062,534300,193700
7370,51.65113354,-0.164220766,527100,196300
7371,51.61648858,-0.126242758,529826,192514
7372,51.61538554,-0.06599696,534000,192500
7373,51.60368596,-0.011618856,537800,191300
7374,51.57456543,-0.044639658,535600,188000
7375,51.56749644,-0.052157667,535100,187200
7334,51.87680827,-0.281435941,518400,221200
7335,51.83723747,-0.220528016,522700,216900
7336,51.8036528,-0.142076351,528200,213300
7005,51.58043589,-0.426071826,509155,188015
7173,51.59678446,-0.381831729,512180,189900
7174,51.58958034,-0.381077204,512250,189100
7183,51.53378016,-0.471295937,506130,182760
7201,51.59941702,-0.377117712,512500,190200
7202,51.56535815,-0.45191365,507400,186300
7203,51.54843231,-0.464026289,506600,184400
7204,51.5171239,-0.476609806,505800,180900
7397,51.60284401,-0.384359932,511990,190570
7342,51.9463813,-0.016867995,536400,229400
7343,51.90435645,0.021984666,539200,224800
7344,51.83865297,-0.027411916,536000,217400
7009,51.65178595,0.119016936,546691,196903
7376,51.71392017,0.259200621,556174,204103
7377,51.73938142,0.219420933,553340,206850
7378,51.70888318,0.239060963,554800,203500
7379,51.661786,0.209264218,552900,198200
7380,51.63982347,0.082457642,544200,195500
7381,51.576711,0.04060349,541500,188400
7348,51.96508786,0.146996647,547600,231800
7349,51.89510538,0.187262458,550600,224100
7350,51.8776195,0.160261397,548800,222100
7351,51.81475428,0.155802271,548700,215100
7352,51.7929701,0.166799541,549530,212700
7353,51.79538452,0.13312453,547200,212900
7354,51.79551535,0.133348242,547215,212915
7355,51.77398476,0.072683594,543100,210400
7356,51.764921,0.014733268,539130,209280
7329,51.90901651,-0.464839868,505700,224500
7330,51.89689691,-0.418744126,508900,223220
7331,51.85390334,-0.378142932,511800,218500
7332,51.8306395,-0.34763112,513960,215960
7333,51.77270786,-0.118706665,529900,209900
7357,51.770104,0.006122704,538520,209840
7217,51.39931699,-0.561317281,500180,167680
7218,51.40282746,-0.539785977,501670,168100
7219,51.3892767,-0.506298457,504030,166640
7220,51.38633616,-0.501364165,504380,166320
7221,51.38426291,-0.493959028,504900,166100
7222,51.36152239,-0.689303334,491352,163310
7223,51.34900941,-0.602526066,497420,162030
7224,51.34453201,-0.60409807,497320,161530
7225,51.37417144,-0.478485671,506000,165000
7167,51.43383188,-0.773580722,485350,171250
7398,51.50620258,-0.710170678,489616,179374
7134,51.27829796,-1.04523108,466692,153672
7135,51.29696634,-1.056433067,465884,155738
7136,51.3188046,-1.019881185,468400,158200
7137,51.23734313,-0.736296132,488318,149443
7138,51.38183087,-0.966661923,472010,165260
7139,51.38183087,-0.966661923,472010,165260
7140,51.29741453,-0.739065421,488010,156120
7141,51.31549064,-0.764541746,486200,158100
7142,51.33089359,-0.775610939,485400,159800
7143,51.35629662,-0.888391288,477500,162500
7144,51.26397754,-0.95010049,473350,152170
7145,51.23287152,-0.864153424,479400,148800
7146,51.23732481,-0.859746409,479700,149300
7147,51.26293867,-0.867569036,479110,152140
7148,51.32671441,-0.917380702,475530,159180
7149,51.37756914,-0.952533334,473000,164800
7150,51.37756914,-0.952533334,473000,164800
7151,51.40347196,-0.933252554,474300,167700
7152,51.42652679,-0.898195248,476700,170300
7153,51.40345503,-0.836931055,481000,167800
7154,51.48481089,-0.880949215,477800,176800
7400,51.30640874,-0.772259957,485679,157081
7264,51.35577152,-0.255189345,521590,163300
7265,51.37569122,-0.264346409,520900,165500
7266,51.40574088,-0.30217316,518190,168780
7292,51.38041817,-0.243618436,522330,166060
7293,51.39333418,-0.241398945,522450,167500
7294,51.37484817,-0.208341782,524800,165500
7295,51.39115673,-0.21632888,524200,167300
7296,51.39746654,-0.230962041,523165,167977
7297,51.41050709,-0.247210898,522000,169400
7298,51.43162345,-0.252157328,521600,171740
7299,51.47009531,-0.245072187,521990,176030
7300,51.37131677,-0.120695101,530910,165260
7301,51.37358726,-0.138993328,529630,165480
7302,51.36703895,-0.162819122,527990,164710
7303,51.37706837,-0.160118541,528150,165830
7304,51.41966404,-0.181276737,526560,170530
7305,51.41966404,-0.181276737,526560,170530
7306,51.39477003,-0.097309415,532470,167910
7307,51.41610338,-0.143451154,529200,170200
7308,51.42196983,-0.173418264,527100,170800
7309,51.42857602,-0.187683971,526090,171510
7310,51.39290527,0.019476695,540600,167920
7311,51.38520344,0.047680539,542586,167118
7312,51.40138296,0.028476406,541200,168880
7313,51.40028125,0.019370284,540570,168740
7314,51.39483935,0.01683061,540410,168130
7315,51.42295652,-0.007678828,538620,171210
7316,51.42413874,-0.0031683,538930,171350
7317,51.39188044,-0.036627377,536700,167700
7318,51.40606293,-0.024373368,537510,169300
7319,51.43570031,-0.027411212,537210,172590
7320,51.44144665,-0.026875822,537230,173230
7321,51.38292789,0.075804427,544550,166920
7322,51.3832534,0.072657417,544330,166950
7323,51.3952849,0.078807602,544720,168300
7324,51.403707,0.06021063,543400,169200
7325,51.40503567,0.056244412,543120,169340
7326,51.41196059,0.051090533,542740,170100
7327,51.4314433,0.027074217,541010,172220
7328,51.45563466,0.006122716,539480,174870
7386,51.5144623,0.723327709,589060,183020
7388,51.49750965,0.052609477,542579,179616
7389,51.50122105,-0.123856807,530320,179700
7390,51.49695346,0.020427544,540347,179492
7391,51.50675798,-0.078713214,533437,180397
7392,51.484374,-0.149638271,528578,177781
7393,51.46226282,-0.316199568,517070,175043
7394,51.45673997,0.334949274,562320,175670
7249,51.11607388,-0.222655904,524500,136700
7250,51.14476747,-0.199536968,526040,139930
7251,51.11024182,-0.153877536,529330,136170
7252,51.11694433,-0.162612011,528700,136900
7253,51.16021635,-0.16361062,528510,141710
7254,51.17392234,-0.183237417,527100,143200
7255,51.16139313,-0.135674946,530460,141890
7256,51.18674698,-0.163701096,528430,144660
7257,51.20107511,-0.194479634,526240,146200
7258,51.23984829,-0.16645831,528090,150560
7259,51.20479563,-0.167707476,528100,146660
7260,51.23842936,-0.311204951,517990,150160
7261,51.29498989,-0.336095736,516110,156410
7262,51.32384019,-0.412697077,510700,159500
7263,51.38171909,-0.377500447,513010,165990
7399,51.13093128,-0.2132814,525116,138368
7156,51.5513558,-0.808428268,482715,184280
7162,51.56099852,-0.694642154,490585,185487
7163,51.53271864,-0.699473546,490306,182336
7164,51.52931252,-0.697206327,490470,181960
7165,51.52415154,-0.70211042,490140,181380
7166,51.50930974,-0.690326945,490987,179744
7168,51.52899074,-0.716965605,489100,181900
7169,51.49187804,-0.604111422,497007,177916
7170,51.48579998,-0.589131026,498060,177260
7171,51.43817146,-0.53726366,501767,172034
7172,51.46320268,-0.569083954,499501,174774
7213,51.43161614,-0.512254884,503520,171340
7214,51.41453318,-0.499737724,504429,169458
7215,51.39062171,-0.486376982,505413,166818
7216,51.38289703,-0.458077665,507400,166000
7244,51.39131154,-0.421430709,509930,166990
7245,51.39971276,-0.415606819,510315,167933
7246,51.39338901,-0.331234741,516200,167360
7267,51.41501012,-0.308876377,517700,169800
7268,51.42957136,-0.318422969,516999,171404
7269,51.42399779,-0.308544633,517700,170800
7395,51.40648082,-0.349564747,514892,168787
7396,51.56738785,-0.76918306,485406,186108
7226,51.14956107,-0.976574716,471680,139420
7227,51.15037595,-0.966977357,472350,139520
7228,51.14015206,-0.959915379,472860,138390
7229,51.20942783,-0.803601084,483670,146260
7230,51.10120599,-0.825963315,482300,134200
7231,51.18198281,-0.750229238,487450,143270
7232,51.18885493,-0.617678286,496700,144200
7233,51.12198151,-0.51036252,504350,136910
7234,51.14218936,-0.480406341,506400,139200
7235,51.20690047,-0.57032665,499970,146270
7236,51.26449862,-0.544890306,501620,152710
7237,51.21084551,-0.50463379,504550,146800
7238,51.28783892,-0.506006517,504280,155360
7239,51.22082834,-0.569465664,500000,147820
7240,51.23603993,-0.578018423,499370,149500
7241,51.29442862,-0.572916663,499600,156000
7242,51.34611988,-0.46505584,507000,161900
7243,51.37248426,-0.46632946,506850,164830
7058,52.16777838,-1.212822062,453936,252460
7059,52.11492255,-1.315191213,446990,246510
7060,52.06638655,-1.333293237,445800,241100
7061,52.01728634,-1.380799002,442590,235610
7062,52.02858875,-1.326858976,446280,236900
7063,51.92057929,-1.30637327,447800,224900
7064,51.86139975,-1.303217394,448080,218320
7065,51.86139975,-1.303217394,448080,218320
7066,51.84043178,-1.300057458,448320,215990
7067,51.88449777,-1.012859377,468040,221120
7068,51.86106576,-1.119234975,460750,218420
7069,51.89544517,-1.135856991,459560,222230
7070,51.874253,-1.184997234,456205,219834
7071,51.75625339,-1.238771789,452640,206670
7072,51.72955595,-1.239799358,452600,203700
7073,51.67039384,-1.268264586,450700,197100
7083,51.65060577,-1.267137721,450800,194900
7085,51.64862246,-1.210815476,454699,194720
7086,51.63821126,-1.179451298,456882,193586
7087,51.8506775,-0.772592472,484640,217610
7089,51.82625766,-0.85654778,478900,214800
7090,51.78506622,-0.757977,485771,210330
7091,51.81779856,-0.801631538,482700,213920
7092,51.79560847,-0.9443277,472900,211300
7093,51.80884934,-0.823626555,481200,212900
7094,51.75314392,-0.982259994,470350,206540
7095,51.74064268,-1.115205266,461190,205030
7097,51.67513155,-1.132101094,460110,197730
7098,51.61965836,-1.073792898,464220,191610
7100,51.53000049,-1.135943991,460035,181586
7101,51.52332274,-1.141259342,459675,180839
7102,51.48661019,-1.088876427,463360,176800
7110,51.46133016,-0.967890732,471800,174100
7111,51.46081612,-0.963641601,472096,174047
7133,51.50104729,-0.886314501,477400,178600
7155,51.52878133,-0.885710142,477395,181685
7158,51.63547186,-0.769017374,485290,193680
7159,51.63558003,-0.753697617,486350,193710
7160,51.60918474,-0.69939836,490160,190840
7161,51.5711605,-0.708564173,489600,186600
7001,51.72466552,-1.548877601,431257,202979
7002,51.98888312,-1.697912825,420841,232313
7010,51.67473897,-1.990407667,400760,197330
7011,51.65072978,-1.973067936,401960,194660
7012,51.6322106,-2.007176068,399600,192600
7014,51.6467,-1.865542917,409400,194220
7015,51.72445723,-1.972300713,402010,202860
7016,51.67390284,-1.934153543,404650,197239
7017,51.66533891,-1.891802401,407580,196290
7021,51.71065273,-1.88995783,407700,201330
7022,51.65459301,-1.849618976,410500,195100
7023,51.66704444,-1.816900288,412760,196490
7024,51.66359383,-1.749684479,417410,196120
7025,51.79965987,-1.88524636,408010,211230
7026,51.75454143,-1.825529134,412140,206220
7027,51.68931627,-1.678803015,422300,199000
7032,51.71000348,-1.681551201,422100,201300
7033,51.69289673,-1.672990748,422700,199400
7034,51.68119625,-1.668735878,423000,198100
7037,51.69872199,-1.534044015,432300,200100
7039,51.71942683,-1.588984432,428490,202380
7040,51.88669935,-1.767917889,416070,220930
7041,51.87477325,-1.740090003,417990,219610
7042,51.79369491,-1.564385683,430140,210650
7043,51.78979256,-1.484276067,435668,210252
7044,51.71350464,-1.420994827,440100,201800
7045,51.71350464,-1.420994827,440100,201800
7046,51.71686364,-1.374631499,443300,202200
7047,51.75754977,-1.366391138,443830,206730
7048,51.76175416,-1.362420143,444100,207200
7050,51.95095732,-1.679848733,422100,228100
7051,51.86168424,-1.594370051,428030,218200
7052,51.86422126,-1.356616389,444400,218600
7053,51.78605891,-1.351204715,444850,209910
7054,51.78605891,-1.351204715,444850,209910
7003,51.68460828,-1.282702981,449686,198671
7004,51.58885374,-1.431211844,439502,187931
7013,51.61322592,-1.874046876,408818,190496
7018,51.55357006,-1.803220939,413740,183872
7019,51.57182638,-1.816705365,412800,185900
7020,51.64017526,-1.82654572,412100,193500
7028,51.56969448,-1.735916026,418400,185680
7029,51.56355052,-1.722967944,419300,185000
7030,51.6164535,-1.666751726,423170,190900
7031,51.67090512,-1.70032,420821,196946
7035,51.69089944,-1.607904803,427200,199200
7036,51.69976943,-1.57310119,429600,200200
7038,51.70718642,-1.46520066,437051,201074
7049,51.77469817,-1.356860676,444471,208643
7055,51.78931296,-1.306938027,447900,210300
7056,51.77667489,-1.298434981,448500,208900
7057,51.74909587,-1.272788235,450300,205850
7074,51.75324775,-1.290105796,449100,206300
7075,51.75265377,-1.281133378,449720,206240
7076,51.73097883,-1.251359299,451800,203850
7077,51.63297036,-1.505820946,434300,192800
7078,51.64711531,-1.451468988,438050,194400
7079,51.5655161,-1.460674345,437480,185320
7080,51.57148781,-1.449349184,438260,185990
7081,51.66666183,-1.305195675,448150,196660
7082,51.62120054,-1.323541409,446928,191592
7084,51.64782677,-1.254174605,451700,194600
7099,51.61719642,-1.116018428,461300,191300
7103,51.57306609,-1.233754049,453200,186300
7104,51.45344347,-1.228561853,453700,173000
7105,51.4356397,-1.201671766,455590,171040
7106,51.46770356,-1.085797817,463600,174700
7107,51.48462224,-1.087619882,463450,176580
7108,51.46224171,-1.07727012,464200,174100
7109,51.48603778,-1.039661171,466778,176780
7112,51.45090568,-1.859800168,409839,172445
7113,51.41629179,-1.732486044,418700,168620
7114,51.4272431,-1.72451135,419250,169840
7115,51.44382563,-1.584699042,428960,171730
7116,51.44382563,-1.584699042,428960,171730
7117,51.43741404,-1.576988417,429500,171020
7118,51.43687715,-1.577712692,429450,170960
7120,51.41479329,-1.539379135,432130,168520
7121,51.41285184,-1.5260263,433060,168310
7122,51.40160997,-1.323880791,447130,167170
7123,51.50808969,-1.530226507,432700,178900
7124,51.49088155,-1.500156157,434800,177000
7125,51.42244124,-1.350467854,445260,169470
7126,51.41096887,-1.325180649,447030,168210
7127,51.32562508,-1.249364853,452400,158770
7128,51.37915025,-1.185556032,456780,164770
7129,51.43275784,-1.067075009,464950,170830
7130,51.38519995,-1.00265621,469500,165600
7131,51.45617719,-0.954621547,472730,173540
7132,51.47314294,-0.917734332,475265,175464
4156,53.23140396,-3.342077066,310512,371326
4180,53.2624564,-3.434459897,304415,374900
4181,53.22763471,-3.394750433,306988,370974
4183,53.23271462,-3.570944772,295239,371783
4185,53.29348805,-3.475004368,301782,378407
4187,53.12287421,-3.313736497,312182,359218
4188,53.26210309,-3.449545695,303408,374881
4145,53.1054832,-3.792189749,280118,357978
4148,53.0676673,-3.813141854,278609,353807
4175,53.13710692,-3.797213698,279870,361504
4191,53.16020709,-3.824115845,278136,364119
4152,52.9085557,-3.576199717,294095,335733
4153,52.91042458,-3.589770609,293187,335961
4160,53.08144509,-2.813510025,345604,354112
4162,52.9287114,-3.050063963,329510,337328
4163,52.97914807,-3.387924161,306908,343324
4164,52.96327224,-3.724895572,284242,342049
4165,52.90309425,-3.592698944,292972,335150
4166,52.98125459,-3.430145029,304078,343614
4168,53.00774518,-2.866416576,341961,345955
4170,53.08309082,-2.879126424,341211,354347
4173,53.13414415,-2.871364621,341800,360020
4174,53.12001786,-2.847036644,343409,358429
4176,52.96664977,-2.97162208,334840,341474
4178,52.8629855,-3.674580937,287361,330814
4182,53.07940206,-2.993730765,333529,354037
4186,53.19184737,-3.192794138,320403,366749
4189,53.22724026,-3.063496963,329100,370550
4192,53.00782705,-2.866284085,341970,345964
4144,53.03135824,-4.126608716,257488,350346
4149,53.04566955,-4.328290676,244017,352358
4155,53.00868463,-4.100242429,259182,347772
4158,53.11460291,-4.266907117,248374,359893
4169,52.93685071,-4.382149164,240005,340374
4171,52.96244441,-4.236703668,249867,342906
4177,53.10061699,-4.080176766,260825,357958
4179,53.13637378,-4.25202641,249446,362283
4143,52.73145297,-3.749999646,281928,316305
4146,52.60060166,-3.855083221,274458,301929
4147,52.47328876,-4.011745627,263454,288054
4150,52.82018995,-3.87708383,273605,326391
4151,52.74440287,-3.884120663,272910,317974
4167,52.63973879,-4.024210359,263127,306590
4157,53.26559202,-4.356527922,242930,376880
4047,51.62578234,-2.965761227,333244,192327
4048,51.60706713,-3.102895761,323720,190380
4055,51.62449144,-3.187828604,317870,192410
4056,51.64775794,-3.317956647,308909,195152
4057,51.64411969,-3.479187378,297746,194961
4058,51.53472402,-3.394694141,303360,182680
4059,51.67639031,-3.482856685,297565,198555
4060,51.47232021,-3.181855434,318010,175480
4061,51.59882662,-3.33051554,307941,189726
4062,51.4854519,-3.267600666,312080,177040
4063,51.60930225,-3.368817807,305310,190940
4064,51.7087466,-3.345911052,307100,201970
4065,51.67655433,-3.544764816,293285,198662
4067,51.49730174,-3.209873037,316110,178290
4068,51.73808418,-3.506817479,296050,205450
4069,51.60451659,-3.353482828,306362,190388
4070,51.53272616,-3.11969579,322430,182130
4071,51.58876955,-3.163367579,319500,188410
4072,51.75178132,-3.387609201,304310,206810
4073,51.79511312,-3.260606228,313160,211470
4074,51.72377494,-3.247038168,313960,203520
4075,51.71780208,-3.058541889,326970,202650
4076,51.59378155,-3.071391259,325880,188870
4077,51.50070419,-3.139512658,321000,178590
4219,51.57498692,-3.292097271,310555,187027
4220,51.60511734,-3.33794849,307439,190435
4221,51.65209432,-3.332089543,307940,195652
4222,51.67782892,-3.222113421,315596,198381
4231,51.71312545,-3.440677009,300562,202582
4232,51.70635381,-3.145035551,320975,201467
4235,52.51588149,-3.312190634,311053,291698
4217,51.46214677,-3.446087743,299636,174678
4218,51.43540582,-3.415001843,301738,171662
4039,51.74517668,-2.948520034,334610,205590
4040,51.85679781,-3.141431607,321486,218195
4041,51.87584706,-3.269836264,312680,220460
4042,51.81211825,-3.018248203,329900,213100
4043,51.85153489,-3.104072268,324050,217570
4044,51.70516175,-2.891532701,338490,201090
4045,51.96311788,-3.451766444,300350,230400
4046,51.91713609,-3.55991749,292810,225440
4050,51.95408404,-3.53311352,294740,229510
4051,51.73282431,-2.930305523,335850,204200
4052,52.04627274,-3.445711034,300950,239640
4053,51.94780953,-3.689318038,283990,229050
4054,51.70197254,-2.906447085,337455,200748
4233,51.94768042,-3.394434608,304256,228606
4001,52.10110061,-3.618029693,289269,245987
4002,52.04509095,-2.752209482,348508,238789
4003,52.1370243,-2.48853944,366660,248860
4004,52.09650448,-2.969488342,333683,244684
4005,52.1535899,-3.411765866,303510,251530
4006,52.22657917,-2.730355797,350210,258960
4007,52.27684903,-2.93271693,336460,264710
4008,52.26906031,-3.571951542,292830,264598
4009,51.64647922,-2.670553101,353700,194400
4010,52.14649998,-3.469563059,299540,250820
4011,52.29637039,-3.503291807,297578,267536
4012,52.2096677,-3.428910806,302460,257790
4013,52.0906306,-3.349872667,307614,244447
4014,52.04564911,-3.196676177,318027,239260
4015,51.91946183,-2.849825035,341650,224890
4016,52.07654911,-3.126688848,322880,242620
4017,52.05175551,-2.720180031,350712,239508
4018,52.30540058,-3.314654516,310460,268290
4019,52.06192603,-2.659984762,354850,240600
4020,52.15139444,-3.112938588,323950,250930
4021,51.79740249,-2.722818704,350250,211220
4022,52.3088698,-3.117471503,323910,268450
4023,51.81463145,-2.703234998,351619,213123
4024,51.80883795,-2.720100746,350450,212490
4025,52.02639756,-2.629874387,356880,236630
4026,52.42831632,-3.701310763,284420,282510
4027,52.04137862,-2.955508129,334560,238540
4028,51.79630807,-2.686404605,352760,211074
4029,51.91534538,-2.587580663,359682,224254
4031,51.95871968,-3.054021131,327670,229440
4032,52.03051638,-3.216927353,316610,237600
4033,52.0691604,-2.743539721,349130,241460
4035,52.22050527,-2.98467394,332830,258490
4036,52.081306,-2.563812588,361460,242700
4049,51.88176552,-2.788676456,345810,220650
4223,52.19119232,-2.501362838,365824,254891
4089,51.815096,-4.557182416,223831,216034
4096,51.82976621,-4.483249923,228982,217489
4102,51.6664354,-4.164796363,250384,198626
4103,51.8006561,-4.242162674,245493,213713
4106,51.87905839,-4.665926441,216597,223415
4116,51.7953734,-3.973664462,263989,212590
4120,51.71559947,-4.029773887,259873,203825
4122,51.74497135,-4.218600714,246929,207471
4123,51.7750382,-4.184284893,249398,210743
4126,51.81998432,-4.496294226,228046,216432
4131,51.79570402,-3.997738096,262330,212672
4132,51.81899785,-4.609600003,220234,216596
4193,51.86339026,-4.201127533,248533,220603
4194,52.10749119,-3.786878177,277722,246969
4195,52.07776751,-3.971084002,265018,243990
4196,52.01066003,-3.805733553,276163,236232
4197,51.88087877,-4.167821803,250884,222479
4198,51.92273457,-3.874378069,271200,226573
4199,51.87400093,-4.281360942,243046,221953
4201,51.99385244,-3.791146668,277118,234338
4202,51.94069338,-3.884394356,270563,228588
4203,51.9673034,-3.87237995,271465,231526
4204,52.12177534,-3.764428231,279298,248520
4205,51.8983561,-3.952942803,265725,224004
4206,51.99296226,-3.779881117,277889,234220
4207,51.85395166,-4.310159277,240993,219786
4208,51.86146039,-4.192275418,249136,220370
4209,52.1100994,-3.774934452,278547,247239
4227,50.80044419,-4.1040633,251825,102209
4228,51.68296305,-4.134887022,252506,200403
4229,51.65512269,-4.05523281,257925,197149
4085,51.80295045,-4.797370631,207226,215292
4088,51.97680127,-4.90613034,200501,234916
4098,51.80123245,-4.969961413,195321,215572
4100,51.67161691,-4.712315676,212546,200467
4109,51.79149595,-4.978690438,194675,214514
4110,51.88619002,-5.189260489,180618,225657
4118,51.89837457,-5.172401596,181837,226961
4124,51.8203692,-4.970045198,195402,217700
4127,51.73670862,-4.698397326,213776,207669
4079,51.54679969,-3.591808875,289718,184302
4081,51.59816879,-3.995018177,261917,190700
4082,51.40786854,-3.461412525,298451,168663
4083,51.50320202,-3.580764872,290379,179437
4084,51.548032,-3.582477226,290368,184425
4087,51.6922704,-3.768621401,277850,200761
4090,51.55724346,-3.60143474,289076,185478
4091,51.82614576,-3.683382581,284085,215510
4092,51.62257919,-3.747721344,279109,192976
4095,51.5207857,-3.496158939,296291,181269
4097,51.76883295,-3.780280324,277252,209295
4099,51.49254717,-3.557175308,291991,178217
4107,51.60580639,-3.645888513,286116,190947
4108,51.60417497,-3.775679054,277124,190976
4111,51.64218098,-3.932503615,266376,195478
4112,51.66493491,-3.808709596,275004,197789
4113,51.6032922,-3.540991409,293374,190509
4114,51.52206376,-3.484035241,297135,181394
4115,51.47688352,-3.618850146,287671,176568
4119,51.71842528,-3.8488319,272380,203807
4121,51.76178251,-3.573668898,291491,208183
4125,51.70148053,-3.715739626,281529,201698
4133,51.71222128,-3.695635148,282946,202860
4134,51.68151506,-3.902686924,268553,199798
4225,51.78042406,-3.757556132,278851,210546
4226,51.59133342,-3.767974251,277623,189535
4078,52.23786311,-4.25725804,245963,262365
4080,52.41151011,-4.086332282,258190,281327
4093,52.39698966,-3.922490947,269290,279403
4094,52.34799474,-3.776699063,279075,273700
4104,52.43404346,-4.056547353,260287,283775
4105,52.30674682,-4.140165703,254184,269783
4117,52.3754476,-4.072378589,259024,277289
4129,52.18463001,-4.130623098,254435,256183
4210,52.04527282,-4.561207864,224455,241639
4211,52.03660596,-4.31666664,241192,240112
4212,52.04158996,-4.286184617,243300,240600
4213,52.19378389,-3.972980305,265239,256896
4214,52.28210709,-3.862976059,273010,266520
4216,52.22037247,-3.933327424,268028,259780
4224,52.08111107,-4.661711524,217710,245872
4230,52.40333673,-4.05761764,260117,280362
1157,51.44563222,0.743408569,590740,175419
6005,52.9343258,1.301616118,621979,342539
6008,53.63019251,-0.187427026,519959,416378
6282,52.47308339,1.750078897,654780,292741
8150,55.00743215,-1.439776283,435929,568240
8216,54.48998278,-0.614603771,489840,511399
1026,50.78177702,0.056996555,545109,100039
1028,50.80228287,-1.111187281,462730,100679
1158,51.11437607,1.32263449,632650,140260
3014,51.49999496,-2.728474988,349530,178147
3062,51.21060926,-3.131333678,321070,146320
3095,51.2111349,-4.112368968,252549,147891
3156,50.10300655,-5.542786176,146759,28559
3344,50.3684016,-4.185224055,244690,54339
3352,50.71433371,-1.874879893,408930,90530
3353,50.60850292,-2.447952275,368399,78850
6283,51.9479851,1.292100817,626340,232841
5067,54.03181144,-2.920260817,339820,459928
5084,53.44966722,-3.018015173,332489,395250
5155,54.6507068,-3.567177995,298980,529529
4137,52.013199,-4.983726448,195339,239179
4139,53.331649,-3.825222269,278549,383191
4140,51.70736735,-5.051503717,189263,205368
4141,51.56999386,-3.975428805,263189,187530
4238,52.71931265,-4.045025932,261970,315480
4239,53.3139208,-4.62044105,225529,382868
4240,51.54999127,-2.987447235,331629,183918
2191,53.01989986,-1.425580308,438630,347110
2186,53.20614505,-1.16542384,455840,368000
2185,53.06250215,-0.852888155,476970,352310
2190,52.89965195,-0.758774503,483590,334300
2187,52.52280271,-1.297666862,447750,291890
2188,52.57417561,-1.035074521,465490,297810
2189,52.64832614,-1.215397922,453180,305910
2192,52.76223516,-0.889839867,475010,318870
2210,52.71492801,-2.749975457,349434,313294
2200,51.91679023,-2.086534125,394145,224255
2201,51.90736569,-2.06142662,395871,223205
2202,51.92193154,-2.099688944,393241,224828
2203,51.7476055,-2.214298508,385302,205456
2204,51.74692442,-2.217959881,385049,205381
2205,52.08804717,-2.446846584,369480,243394
2206,51.89177276,-2.103719789,392959,221474
2207,51.88594616,-2.093652131,393651,220825
2208,51.88763851,-2.251434384,382792,221039
2209,51.88314419,-2.061698554,395850,220511
2197,52.30978721,-2.593847555,359610,268130
2198,52.29809455,-2.558057836,362040,266810
2199,52.5405084,-2.801612751,345730,293930
2193,51.99976133,-1.952089897,403386,233481
2194,52.0466876,-1.963369659,402609,238700
2195,52.22341482,-2.851049908,341962,258698
2196,51.85366651,-2.578660535,360241,217389
8263,55.72238398,-2.163387777,389835,647675
8264,55.61122926,-2.395454591,375187,635363
8267,55.55064912,-1.979859249,401369,628550
8268,55.60250356,-1.769019301,414652,634345
8270,54.96918003,-2.115684385,392692,563846
8271,54.97371802,-2.105886827,393320,564350
8272,54.90598034,-1.812320698,412132,556823
8273,54.97382607,-2.105637159,393336,564362
8274,54.84239881,-1.487065186,433039,549852
8275,54.5742734,-1.316500956,444283,520110
8276,54.0807194,-2.024787031,398476,464978
8277,53.9444071,-1.886448617,407551,449817
8278,53.85388314,-1.182224254,453891,440049
8279,53.93302924,-0.774880443,480533,449240
8280,53.99180301,-0.916093224,471162,455628
8281,53.84325638,-0.399580835,505397,439744
8282,53.7988918,-0.79953324,479167,434289
8288,54.7765889,-1.572577524,427592,542492
8289,54.77853841,-1.577547522,427271,542707
8290,55.67481991,-2.160931351,389977,642381
8291,55.11380509,-1.620030742,424336,580000
8292,54.91727624,-1.739228152,416814,558095
8293,55.1676518,-1.694507794,419559,585969
8294,53.72892209,-1.12527901,457808,426191
8295,53.23297647,-1.431003201,438078,370811
8296,53.23991239,-1.420932058,438744,371588
8297,53.72205275,-1.716514114,418804,425109
8298,53.69805273,-1.873146748,408473,422409
8299,53.32662958,-1.516194812,432321,381188
8300,53.2190361,-1.49310062,433944,369229
8301,53.60975818,-1.703255162,419731,412619
8302,53.70986278,-1.690234823,420544,423760
8303,53.84043233,-1.945542355,403681,438244
8304,53.69961182,-1.292925435,446780,422807
8305,53.73228351,-2.153514229,389970,426221
8306,53.79816074,-1.629692391,424489,433603
8308,53.3515295,-1.484244909,434429,383973
8309,53.70595302,-1.913297224,405821,423284
8310,53.71055157,-2.101863376,393374,423797
8311,53.68602622,-1.529969427,431140,421166
8312,53.68037875,-1.509079052,432524,420547
5184,54.11876033,-2.539478094,364835,469345
5185,54.0394597,-2.780570492,348979,460669
5186,53.93788143,-2.770324904,349527,449360
5187,53.85220859,-2.140028988,390886,439562
5188,53.85478242,-2.158994913,389639,439851
5189,53.79116776,-2.247841429,383770,432790
5191,54.00679139,-2.221993913,385548,456775
5192,53.87780962,-2.387608416,374615,442471
5205,54.86802326,-3.394369899,310610,553474
5206,54.61046458,-2.826948488,346687,524237
5207,55.06686559,-2.946370876,339660,575120
5215,54.33171518,-2.736979344,352173,493156
5208,54.66115849,-2.747009377,351910,529820
5209,54.33803985,-2.970939251,336969,494044
5210,54.56167486,-3.06880425,330984,519019
5211,54.53469434,-2.769779725,350287,515764
5212,54.66831896,-2.767467925,350599,530631
5213,55.00927468,-2.963074152,338505,568726
5214,54.8934264,-2.910803888,341680,555790
5216,54.81744139,-3.167150369,325098,547579
5203,53.38419255,-2.825916873,345162,387801
5204,53.38304732,-3.108150484,326388,387928
5193,53.49407953,-2.375566733,375181,399774
5194,53.48103427,-2.212516254,385994,398278
5195,53.69314978,-2.257835327,383072,421887
5199,53.64535956,-2.09205484,394012,416543
5200,53.61397058,-2.427888269,371790,413132
5196,53.5669257,-2.022006206,398640,407813
5197,53.40760329,-2.294672683,380508,390128
5201,54.24008784,-2.130386144,391600,482718
5198,53.28166018,-2.637791326,357573,376266
5202,53.06190292,-2.526071804,364842,351758
3354,51.23067225,-2.308286675,378571,147988
3356,51.43838297,-2.003562227,399849,171043
3357,51.58068841,-2.09449359,393549,186874
3358,51.36666256,-2.621337808,356841,163250
3359,51.28339584,-2.551804401,361612,153951
3360,51.52185313,-2.520956033,363952,180455
3361,51.44982072,-3.162234916,319333,172956
3362,51.47032896,-2.56610783,360775,174748
3355,51.02002036,-3.100624861,322898,125093
3363,51.2020309,-3.59704068,288520,145970
7401,51.30206738,-0.543315387,501647,156890
7403,51.64104084,-1.1637641,457964,193913
7404,51.66328787,-1.07527495,464056,196461
7405,51.70831817,-1.232832191,453106,201343
7406,51.70728799,-1.26293729,451027,201207
7402,51.68309781,-1.268132209,450695,198513
4241,53.00098736,-2.911789558,338907,345241
4242,53.17238705,-3.137482294,324064,364524
4243,53.13736492,-3.082457515,327683,360571
4244,53.10730403,-2.95208441,336360,357103
1161,51.1666073,-1.441824806,439124,140966
1162,50.8068885,-0.543909011,502694,101825
1163,50.85111575,-0.764560372,487065,106460
1164,51.03746671,-0.899887231,477230,127032
1165,51.0610375,-0.335077974,516770,130396
1166,50.87805449,0.500062054,575978,111706
1167,50.85168173,0.522705896,577671,108828
5220,54.39082888,-2.93148208,339612,499883